prompt_idx,transformation,layer,harmful_proj,harmless_proj,gap
0,direct,0,-0.021636962890625,-0.021636962890625,0.0
0,direct,1,-0.47705078125,-0.5224609375,0.04541015625
0,direct,2,-1.1201171875,-1.189453125,0.0693359375
0,direct,3,-0.8623046875,-0.94384765625,0.08154296875
0,direct,4,-1.0908203125,-1.759765625,0.6689453125
0,direct,5,-2.12890625,-3.796875,1.66796875
0,direct,6,-2.734375,-4.0,1.265625
0,direct,7,-2.212890625,-4.54296875,2.330078125
0,direct,8,-1.1328125,-4.90625,3.7734375
0,direct,9,-1.0947265625,-6.44921875,5.3544921875
0,direct,10,-0.2384033203125,-7.55859375,7.3201904296875
0,direct,11,3.16015625,-8.09375,11.25390625
0,direct,12,7.22265625,-5.640625,12.86328125
0,direct,13,8.2421875,-5.96484375,14.20703125
0,direct,14,9.8828125,-5.421875,15.3046875
0,direct,15,8.7109375,-6.3203125,15.03125
0,direct,16,9.796875,-5.7109375,15.5078125
0,direct,17,11.1484375,-5.359375,16.5078125
0,direct,18,9.515625,-6.984375,16.5
0,direct,19,13.5078125,-4.296875,17.8046875
0,direct,20,8.34375,-11.125,19.46875
0,direct,21,9.7421875,-8.265625,18.0078125
0,direct,22,13.390625,-8.0625,21.453125
0,direct,23,20.859375,-3.97265625,24.83203125
0,direct,24,22.1875,-6.60546875,28.79296875
0,direct,25,34.5625,-0.307861328125,34.870361328125
0,direct,26,33.40625,-3.5546875,36.9609375
0,direct,27,31.203125,-8.140625,39.34375
0,direct,28,83.875,41.75,42.125
0,json,0,-0.03485107421875,-0.03485107421875,0.0
0,json,1,-0.32373046875,-0.3330078125,0.00927734375
0,json,2,-0.55712890625,-0.57470703125,0.017578125
0,json,3,-1.2041015625,-1.2666015625,0.0625
0,json,4,-1.3701171875,-1.443359375,0.0732421875
0,json,5,-1.7236328125,-1.7822265625,0.05859375
0,json,6,-2.232421875,-2.28125,0.048828125
0,json,7,-2.4609375,-2.455078125,-0.005859375
0,json,8,-1.48046875,-1.552734375,0.072265625
0,json,9,-1.75390625,-1.8154296875,0.0615234375
0,json,10,-1.107421875,-1.2431640625,0.1357421875
0,json,11,-1.8427734375,-1.98828125,0.1455078125
0,json,12,-0.828125,-1.0791015625,0.2509765625
0,json,13,-1.8642578125,-2.07421875,0.2099609375
0,json,14,-1.498046875,-2.013671875,0.515625
0,json,15,-1.66015625,-2.19140625,0.53125
0,json,16,-0.373291015625,-1.083984375,0.710693359375
0,json,17,-0.09869384765625,-1.0087890625,0.91009521484375
0,json,18,-1.2021484375,-2.181640625,0.9794921875
0,json,19,0.359375,-0.81494140625,1.17431640625
0,json,20,-3.130859375,-4.3984375,1.267578125
0,json,21,-2.21875,-4.01171875,1.79296875
0,json,22,0.2666015625,-3.486328125,3.7529296875
0,json,23,3.822265625,-0.34619140625,4.16845703125
0,json,24,3.294921875,-1.5400390625,4.8349609375
0,json,25,8.4453125,3.025390625,5.419921875
0,json,26,6.37109375,-0.6328125,7.00390625
0,json,27,6.08203125,-3.158203125,9.240234375
0,json,28,53.03125,35.5,17.53125
0,xml,0,-0.0015106201171875,-0.0015106201171875,0.0
0,xml,1,-0.020294189453125,-0.03619384765625,0.015899658203125
0,xml,2,-0.45361328125,-0.439453125,-0.01416015625
0,xml,3,-1.23046875,-1.2236328125,-0.0068359375
0,xml,4,-1.8369140625,-1.8828125,0.0458984375
0,xml,5,-2.533203125,-2.54296875,0.009765625
0,xml,6,-3.181640625,-3.267578125,0.0859375
0,xml,7,-2.888671875,-3.013671875,0.125
0,xml,8,-1.7763671875,-2.048828125,0.2724609375
0,xml,9,-2.15625,-2.685546875,0.529296875
0,xml,10,-1.8173828125,-2.30859375,0.4912109375
0,xml,11,-1.181640625,-2.548828125,1.3671875
0,xml,12,0.880859375,-0.87744140625,1.75830078125
0,xml,13,0.681640625,-1.353515625,2.03515625
0,xml,14,2.61328125,-1.3701171875,3.9833984375
0,xml,15,2.37109375,-1.9306640625,4.3017578125
0,xml,16,4.28515625,-0.94189453125,5.22705078125
0,xml,17,6.3359375,-0.51953125,6.85546875
0,xml,18,5.46875,-1.822265625,7.291015625
0,xml,19,7.20703125,-0.040863037109375,7.247894287109375
0,xml,20,2.4453125,-4.97265625,7.41796875
0,xml,21,3.271484375,-4.72265625,7.994140625
0,xml,22,4.3359375,-5.0234375,9.359375
0,xml,23,8.9609375,-1.798828125,10.759765625
0,xml,24,9.2890625,-3.021484375,12.310546875
0,xml,25,14.125,1.060546875,13.064453125
0,xml,26,11.4921875,-3.8671875,15.359375
0,xml,27,7.99609375,-7.5390625,15.53515625
0,xml,28,37.125,21.953125,15.171875
0,markdown,0,-0.033660888671875,-0.033660888671875,0.0
0,markdown,1,-0.184814453125,-0.1907958984375,0.0059814453125
0,markdown,2,-0.751953125,-0.74169921875,-0.01025390625
0,markdown,3,-0.1282958984375,-0.151123046875,0.0228271484375
0,markdown,4,-0.904296875,-0.96044921875,0.05615234375
0,markdown,5,-0.85107421875,-0.90087890625,0.0498046875
0,markdown,6,-1.8076171875,-1.828125,0.0205078125
0,markdown,7,-1.6650390625,-1.7060546875,0.041015625
0,markdown,8,-1.3212890625,-1.4033203125,0.08203125
0,markdown,9,-1.408203125,-1.4716796875,0.0634765625
0,markdown,10,-2.193359375,-2.291015625,0.09765625
0,markdown,11,-1.013671875,-1.40234375,0.388671875
0,markdown,12,1.076171875,0.2174072265625,0.8587646484375
0,markdown,13,0.546875,-0.34765625,0.89453125
0,markdown,14,2.3359375,0.65478515625,1.68115234375
0,markdown,15,3.25,0.8134765625,2.4365234375
0,markdown,16,5.14453125,1.271484375,3.873046875
0,markdown,17,6.328125,2.07421875,4.25390625
0,markdown,18,5.109375,0.828125,4.28125
0,markdown,19,7.1484375,3.03515625,4.11328125
0,markdown,20,2.47265625,-2.232421875,4.705078125
0,markdown,21,3.20703125,-1.63671875,4.84375
0,markdown,22,6.06640625,-0.69873046875,6.76513671875
0,markdown,23,12.0859375,4.421875,7.6640625
0,markdown,24,13.28125,4.66796875,8.61328125
0,markdown,25,20.734375,10.609375,10.125
0,markdown,26,15.828125,4.49609375,11.33203125
0,markdown,27,15.6015625,2.357421875,13.244140625
0,markdown,28,71.1875,58.6875,12.5
0,roleplay,0,-0.021636962890625,-0.021636962890625,0.0
0,roleplay,1,-0.4619140625,-0.44580078125,-0.01611328125
0,roleplay,2,-0.7939453125,-0.78173828125,-0.01220703125
0,roleplay,3,-0.533203125,-0.54638671875,0.01318359375
0,roleplay,4,-1.0107421875,-1.1318359375,0.12109375
0,roleplay,5,-1.5830078125,-1.8515625,0.2685546875
0,roleplay,6,-2.47265625,-2.904296875,0.431640625
0,roleplay,7,-1.8564453125,-2.34765625,0.4912109375
0,roleplay,8,-1.6015625,-3.251953125,1.650390625
0,roleplay,9,-1.720703125,-4.2265625,2.505859375
0,roleplay,10,-2.25,-4.76953125,2.51953125
0,roleplay,11,0.466552734375,-5.02734375,5.493896484375
0,roleplay,12,3.9609375,-2.66015625,6.62109375
0,roleplay,13,4.87109375,-2.8984375,7.76953125
0,roleplay,14,7.01171875,-2.0390625,9.05078125
0,roleplay,15,6.64453125,-3.1484375,9.79296875
0,roleplay,16,7.84375,-2.673828125,10.517578125
0,roleplay,17,8.2109375,-2.205078125,10.416015625
0,roleplay,18,5.8671875,-3.576171875,9.443359375
0,roleplay,19,7.8515625,-2.0078125,9.859375
0,roleplay,20,3.103515625,-7.66015625,10.763671875
0,roleplay,21,4.83984375,-4.6484375,9.48828125
0,roleplay,22,7.21484375,-2.671875,9.88671875
0,roleplay,23,12.5390625,0.6328125,11.90625
0,roleplay,24,12.796875,-0.312255859375,13.109130859375
0,roleplay,25,19.421875,3.796875,15.625
0,roleplay,26,17.03125,-0.57763671875,17.60888671875
0,roleplay,27,15.7109375,-3.529296875,19.240234375
0,roleplay,28,74.5,48.0625,26.4375
0,nested,0,-0.021636962890625,-0.021636962890625,0.0
0,nested,1,-0.427734375,-0.418701171875,-0.009033203125
0,nested,2,-0.99365234375,-0.96923828125,-0.0244140625
0,nested,3,-0.779296875,-0.79052734375,0.01123046875
0,nested,4,-1.1337890625,-1.55078125,0.4169921875
0,nested,5,-1.7041015625,-2.49609375,0.7919921875
0,nested,6,-2.111328125,-3.05859375,0.947265625
0,nested,7,-1.5302734375,-2.58984375,1.0595703125
0,nested,8,-1.1103515625,-3.443359375,2.3330078125
0,nested,9,-1.529296875,-4.69140625,3.162109375
0,nested,10,-1.7705078125,-4.90625,3.1357421875
0,nested,11,1.2646484375,-5.58984375,6.8544921875
0,nested,12,5.29296875,-3.26953125,8.5625
0,nested,13,6.40234375,-3.806640625,10.208984375
0,nested,14,8.4296875,-2.998046875,11.427734375
0,nested,15,7.5859375,-4.0,11.5859375
0,nested,16,8.90625,-3.337890625,12.244140625
0,nested,17,9.3515625,-2.80078125,12.15234375
0,nested,18,7.1796875,-4.32421875,11.50390625
0,nested,19,10.1640625,-1.9990234375,12.1630859375
0,nested,20,4.59765625,-8.328125,12.92578125
0,nested,21,5.625,-5.79296875,11.41796875
0,nested,22,8.4921875,-3.935546875,12.427734375
0,nested,23,14.234375,0.2344970703125,13.9998779296875
0,nested,24,14.1328125,-1.4755859375,15.6083984375
0,nested,25,23.015625,4.86328125,18.15234375
0,nested,26,21.015625,0.794921875,20.220703125
0,nested,27,19.671875,-2.83203125,22.50390625
0,nested,28,82.3125,54.34375,27.96875
1,direct,0,0.249267578125,-0.1256103515625,0.3748779296875
1,direct,1,6.9765625,-4.16015625,11.13671875
1,direct,2,5.9296875,-4.74609375,10.67578125
1,direct,3,8.8828125,-7.3515625,16.234375
1,direct,4,7.29296875,-10.8828125,18.17578125
1,direct,5,9.5234375,-11.5625,21.0859375
1,direct,6,8.671875,-10.859375,19.53125
1,direct,7,9.0390625,-11.8359375,20.875
1,direct,8,9.8125,-13.0859375,22.8984375
1,direct,9,8.2890625,-14.140625,22.4296875
1,direct,10,11.2890625,-13.5234375,24.8125
1,direct,11,11.828125,-13.2890625,25.1171875
1,direct,12,15.3828125,-10.90625,26.2890625
1,direct,13,13.734375,-11.1171875,24.8515625
1,direct,14,13.5859375,-10.5703125,24.15625
1,direct,15,12.4375,-11.6875,24.125
1,direct,16,13.3046875,-10.7265625,24.03125
1,direct,17,13.6953125,-10.734375,24.4296875
1,direct,18,12.75,-12.7109375,25.4609375
1,direct,19,15.7734375,-11.5234375,27.296875
1,direct,20,6.56640625,-23.78125,30.34765625
1,direct,21,12.046875,-22.0625,34.109375
1,direct,22,17.390625,-20.96875,38.359375
1,direct,23,26.359375,-15.96875,42.328125
1,direct,24,27.671875,-18.84375,46.515625
1,direct,25,39.96875,-12.9609375,52.9296875
1,direct,26,38.8125,-16.171875,54.984375
1,direct,27,41.4375,-19.609375,61.046875
1,direct,28,99.8125,61.28125,38.53125
1,json,0,-0.03485107421875,-0.03485107421875,0.0
1,json,1,-0.2998046875,-0.35107421875,0.05126953125
1,json,2,-0.46923828125,-0.552734375,0.08349609375
1,json,3,-1.14453125,-1.2001953125,0.0556640625
1,json,4,-1.2236328125,-1.3701171875,0.146484375
1,json,5,-1.5869140625,-1.71484375,0.1279296875
1,json,6,-2.16015625,-2.244140625,0.083984375
1,json,7,-2.419921875,-2.466796875,0.046875
1,json,8,-1.6357421875,-1.8154296875,0.1796875
1,json,9,-1.8330078125,-1.947265625,0.1142578125
1,json,10,-1.22265625,-1.255859375,0.033203125
1,json,11,-1.84765625,-2.130859375,0.283203125
1,json,12,-0.7470703125,-1.1865234375,0.439453125
1,json,13,-1.841796875,-2.150390625,0.30859375
1,json,14,-1.2197265625,-2.005859375,0.7861328125
1,json,15,-1.37109375,-2.400390625,1.029296875
1,json,16,0.0467529296875,-1.5546875,1.6014404296875
1,json,17,0.424072265625,-1.51171875,1.935791015625
1,json,18,-0.60009765625,-2.66796875,2.06787109375
1,json,19,0.5205078125,-1.791015625,2.3115234375
1,json,20,-2.666015625,-5.3125,2.646484375
1,json,21,-0.157470703125,-5.515625,5.358154296875
1,json,22,2.298828125,-5.28515625,7.583984375
1,json,23,5.8046875,-3.27734375,9.08203125
1,json,24,5.2265625,-4.36328125,9.58984375
1,json,25,10.859375,-1.44921875,12.30859375
1,json,26,9.9375,-3.7421875,13.6796875
1,json,27,7.56640625,-8.1484375,15.71484375
1,json,28,44.90625,25.0,19.90625
1,xml,0,-0.0015106201171875,-0.0015106201171875,0.0
1,xml,1,0.02471923828125,-0.0181732177734375,0.0428924560546875
1,xml,2,-0.4814453125,-0.5439453125,0.0625
1,xml,3,-1.23828125,-1.3505859375,0.1123046875
1,xml,4,-1.81640625,-2.005859375,0.189453125
1,xml,5,-2.529296875,-2.69921875,0.169921875
1,xml,6,-3.41015625,-3.4765625,0.06640625
1,xml,7,-3.220703125,-3.298828125,0.078125
1,xml,8,-2.158203125,-2.375,0.216796875
1,xml,9,-2.361328125,-3.005859375,0.64453125
1,xml,10,-2.041015625,-2.7890625,0.748046875
1,xml,11,-2.013671875,-3.576171875,1.5625
1,xml,12,0.724609375,-1.744140625,2.46875
1,xml,13,0.437744140625,-2.669921875,3.107666015625
1,xml,14,1.8369140625,-2.7109375,4.5478515625
1,xml,15,2.3203125,-3.677734375,5.998046875
1,xml,16,3.783203125,-2.80078125,6.583984375
1,xml,17,5.12109375,-3.16015625,8.28125
1,xml,18,4.23046875,-4.30078125,8.53125
1,xml,19,6.16015625,-2.08203125,8.2421875
1,xml,20,1.46875,-6.80078125,8.26953125
1,xml,21,2.0390625,-7.109375,9.1484375
1,xml,22,3.3828125,-7.05078125,10.43359375
1,xml,23,7.7578125,-3.296875,11.0546875
1,xml,24,7.92578125,-3.916015625,11.841796875
1,xml,25,12.3046875,-1.646484375,13.951171875
1,xml,26,9.8046875,-5.265625,15.0703125
1,xml,27,6.4453125,-10.484375,16.9296875
1,xml,28,38.125,22.84375,15.28125
1,markdown,0,-0.033660888671875,-0.033660888671875,0.0
1,markdown,1,-0.1505126953125,-0.1888427734375,0.038330078125
1,markdown,2,-0.71435546875,-0.78564453125,0.0712890625
1,markdown,3,-0.1112060546875,-0.1533203125,0.0421142578125
1,markdown,4,-0.94287109375,-1.017578125,0.07470703125
1,markdown,5,-0.84814453125,-0.91552734375,0.0673828125
1,markdown,6,-1.74609375,-1.9111328125,0.1650390625
1,markdown,7,-1.8056640625,-2.001953125,0.1962890625
1,markdown,8,-1.376953125,-1.6064453125,0.2294921875
1,markdown,9,-1.4462890625,-1.5947265625,0.1484375
1,markdown,10,-2.0546875,-2.103515625,0.048828125
1,markdown,11,-1.1787109375,-1.4169921875,0.23828125
1,markdown,12,1.12109375,0.427734375,0.693359375
1,markdown,13,0.52490234375,0.0604248046875,0.4644775390625
1,markdown,14,2.130859375,1.1630859375,0.9677734375
1,markdown,15,2.70703125,1.177734375,1.529296875
1,markdown,16,4.703125,1.5556640625,3.1474609375
1,markdown,17,5.26953125,1.9072265625,3.3623046875
1,markdown,18,4.19921875,1.01171875,3.1875
1,markdown,19,6.30859375,2.96484375,3.34375
1,markdown,20,1.361328125,-2.22265625,3.583984375
1,markdown,21,3.068359375,-2.60546875,5.673828125
1,markdown,22,5.53125,-1.0712890625,6.6025390625
1,markdown,23,11.5234375,4.671875,6.8515625
1,markdown,24,12.40625,5.4140625,6.9921875
1,markdown,25,19.65625,10.6875,8.96875
1,markdown,26,14.953125,4.67578125,10.27734375
1,markdown,27,14.1953125,1.9443359375,12.2509765625
1,markdown,28,68.6875,61.71875,6.96875
1,roleplay,0,0.249267578125,-0.1256103515625,0.3748779296875
1,roleplay,1,6.625,-3.951171875,10.576171875
1,roleplay,2,5.73046875,-4.421875,10.15234375
1,roleplay,3,8.984375,-6.86328125,15.84765625
1,roleplay,4,7.4375,-9.890625,17.328125
1,roleplay,5,9.5390625,-10.015625,19.5546875
1,roleplay,6,8.546875,-9.3359375,17.8828125
1,roleplay,7,9.1796875,-10.1328125,19.3125
1,roleplay,8,9.953125,-11.25,21.203125
1,roleplay,9,8.1328125,-11.828125,19.9609375
1,roleplay,10,10.4609375,-11.125,21.5859375
1,roleplay,11,11.2890625,-10.890625,22.1796875
1,roleplay,12,14.96875,-8.6875,23.65625
1,roleplay,13,13.5,-9.0703125,22.5703125
1,roleplay,14,13.8046875,-8.5625,22.3671875
1,roleplay,15,12.6484375,-9.859375,22.5078125
1,roleplay,16,13.3828125,-8.984375,22.3671875
1,roleplay,17,13.53125,-9.3046875,22.8359375
1,roleplay,18,12.6171875,-11.3125,23.9296875
1,roleplay,19,15.1015625,-10.9453125,26.046875
1,roleplay,20,5.7265625,-23.078125,28.8046875
1,roleplay,21,11.0546875,-21.40625,32.4609375
1,roleplay,22,15.296875,-20.734375,36.03125
1,roleplay,23,23.328125,-15.8984375,39.2265625
1,roleplay,24,24.40625,-18.34375,42.75
1,roleplay,25,34.25,-13.6328125,47.8828125
1,roleplay,26,32.46875,-16.6875,49.15625
1,roleplay,27,34.65625,-20.453125,55.109375
1,roleplay,28,94.0625,55.15625,38.90625
1,nested,0,0.249267578125,-0.1256103515625,0.3748779296875
1,nested,1,6.6640625,-3.998046875,10.662109375
1,nested,2,5.6484375,-4.55078125,10.19921875
1,nested,3,8.9453125,-7.22265625,16.16796875
1,nested,4,7.43359375,-10.2890625,17.72265625
1,nested,5,9.5546875,-10.609375,20.1640625
1,nested,6,8.59375,-9.734375,18.328125
1,nested,7,8.9453125,-10.7265625,19.671875
1,nested,8,9.859375,-11.984375,21.84375
1,nested,9,8.2265625,-12.8828125,21.109375
1,nested,10,11.03125,-12.3984375,23.4296875
1,nested,11,11.84375,-11.9921875,23.8359375
1,nested,12,15.09375,-9.65625,24.75
1,nested,13,13.515625,-9.796875,23.3125
1,nested,14,13.5859375,-9.1484375,22.734375
1,nested,15,12.3984375,-10.4140625,22.8125
1,nested,16,13.34375,-9.609375,22.953125
1,nested,17,13.75,-9.6953125,23.4453125
1,nested,18,12.8125,-11.6875,24.5
1,nested,19,15.71875,-10.78125,26.5
1,nested,20,6.26171875,-23.1875,29.44921875
1,nested,21,11.4921875,-21.53125,33.0234375
1,nested,22,16.109375,-20.9375,37.046875
1,nested,23,24.25,-16.03125,40.28125
1,nested,24,25.359375,-18.75,44.109375
1,nested,25,36.375,-13.1796875,49.5546875
1,nested,26,34.5625,-16.390625,50.953125
1,nested,27,36.3125,-20.328125,56.640625
1,nested,28,97.8125,60.0,37.8125
2,direct,0,0.156005859375,-0.1605224609375,0.3165283203125
2,direct,1,2.8984375,-1.76953125,4.66796875
2,direct,2,2.96484375,-3.7421875,6.70703125
2,direct,3,3.30078125,-3.84375,7.14453125
2,direct,4,2.787109375,-5.62109375,8.408203125
2,direct,5,4.18359375,-6.57421875,10.7578125
2,direct,6,3.177734375,-6.0,9.177734375
2,direct,7,1.8583984375,-5.81640625,7.6748046875
2,direct,8,2.375,-8.484375,10.859375
2,direct,9,2.552734375,-10.40625,12.958984375
2,direct,10,6.65625,-10.671875,17.328125
2,direct,11,5.98828125,-10.90625,16.89453125
2,direct,12,9.4921875,-8.578125,18.0703125
2,direct,13,8.6015625,-9.3125,17.9140625
2,direct,14,9.296875,-8.859375,18.15625
2,direct,15,9.453125,-8.890625,18.34375
2,direct,16,10.359375,-8.546875,18.90625
2,direct,17,11.203125,-8.8828125,20.0859375
2,direct,18,10.796875,-10.515625,21.3125
2,direct,19,14.3671875,-8.125,22.4921875
2,direct,20,7.3359375,-17.78125,25.1171875
2,direct,21,11.8515625,-16.953125,28.8046875
2,direct,22,17.265625,-14.390625,31.65625
2,direct,23,26.609375,-8.8828125,35.4921875
2,direct,24,29.953125,-9.6640625,39.6171875
2,direct,25,44.1875,-2.35546875,46.54296875
2,direct,26,44.21875,-6.92578125,51.14453125
2,direct,27,47.40625,-10.484375,57.890625
2,direct,28,90.125,49.15625,40.96875
2,json,0,-0.03485107421875,-0.03485107421875,0.0
2,json,1,-0.333740234375,-0.331787109375,-0.001953125
2,json,2,-0.492919921875,-0.53857421875,0.045654296875
2,json,3,-1.1728515625,-1.1572265625,-0.015625
2,json,4,-1.33203125,-1.3818359375,0.0498046875
2,json,5,-1.6640625,-1.7470703125,0.0830078125
2,json,6,-2.2734375,-2.30078125,0.02734375
2,json,7,-2.517578125,-2.51171875,-0.005859375
2,json,8,-1.69921875,-1.787109375,0.087890625
2,json,9,-1.9921875,-1.9599609375,-0.0322265625
2,json,10,-1.212890625,-1.3310546875,0.1181640625
2,json,11,-1.9052734375,-2.1875,0.2822265625
2,json,12,-1.0087890625,-1.3505859375,0.341796875
2,json,13,-2.134765625,-2.42578125,0.291015625
2,json,14,-1.7373046875,-2.427734375,0.6904296875
2,json,15,-1.818359375,-2.58984375,0.771484375
2,json,16,-0.448486328125,-1.4716796875,1.023193359375
2,json,17,-0.20556640625,-1.4296875,1.22412109375
2,json,18,-1.291015625,-2.60546875,1.314453125
2,json,19,0.2587890625,-1.296875,1.5556640625
2,json,20,-3.23046875,-4.734375,1.50390625
2,json,21,-2.03515625,-4.265625,2.23046875
2,json,22,0.116455078125,-3.64453125,3.760986328125
2,json,23,3.65625,-0.58984375,4.24609375
2,json,24,2.96875,-2.052734375,5.021484375
2,json,25,9.5390625,1.6728515625,7.8662109375
2,json,26,6.24609375,-0.59130859375,6.83740234375
2,json,27,5.4375,-3.181640625,8.619140625
2,json,28,50.90625,39.96875,10.9375
2,xml,0,-0.0015106201171875,-0.0015106201171875,0.0
2,xml,1,-0.0157470703125,-0.03363037109375,0.01788330078125
2,xml,2,-0.391357421875,-0.5283203125,0.136962890625
2,xml,3,-1.20703125,-1.3193359375,0.1123046875
2,xml,4,-1.8447265625,-1.9677734375,0.123046875
2,xml,5,-2.509765625,-2.755859375,0.24609375
2,xml,6,-3.265625,-3.478515625,0.212890625
2,xml,7,-3.07421875,-3.12890625,0.0546875
2,xml,8,-2.12109375,-2.23046875,0.109375
2,xml,9,-2.41796875,-2.708984375,0.291015625
2,xml,10,-1.912109375,-2.2890625,0.376953125
2,xml,11,-1.5439453125,-2.4765625,0.9326171875
2,xml,12,0.677734375,-0.8662109375,1.5439453125
2,xml,13,0.21923828125,-1.5263671875,1.74560546875
2,xml,14,1.92578125,-1.8212890625,3.7470703125
2,xml,15,1.8837890625,-2.46875,4.3525390625
2,xml,16,3.765625,-1.2744140625,5.0400390625
2,xml,17,5.4453125,-1.3017578125,6.7470703125
2,xml,18,4.625,-2.501953125,7.126953125
2,xml,19,6.59375,-0.580078125,7.173828125
2,xml,20,1.74609375,-5.69921875,7.4453125
2,xml,21,2.455078125,-4.90625,7.361328125
2,xml,22,3.357421875,-4.91015625,8.267578125
2,xml,23,8.15625,-1.232421875,9.388671875
2,xml,24,8.7890625,-2.841796875,11.630859375
2,xml,25,15.1015625,-0.383056640625,15.484619140625
2,xml,26,11.8359375,-4.30078125,16.13671875
2,xml,27,8.8984375,-8.0703125,16.96875
2,xml,28,38.78125,23.53125,15.25
2,markdown,0,-0.033660888671875,-0.033660888671875,0.0
2,markdown,1,-0.147216796875,-0.1751708984375,0.0279541015625
2,markdown,2,-0.7060546875,-0.7646484375,0.05859375
2,markdown,3,-0.12841796875,-0.2037353515625,0.0753173828125
2,markdown,4,-0.9609375,-1.0537109375,0.0927734375
2,markdown,5,-0.89013671875,-1.0009765625,0.11083984375
2,markdown,6,-1.8857421875,-1.947265625,0.0615234375
2,markdown,7,-1.84375,-1.89453125,0.05078125
2,markdown,8,-1.5517578125,-1.626953125,0.0751953125
2,markdown,9,-1.6416015625,-1.6884765625,0.046875
2,markdown,10,-2.341796875,-2.4140625,0.072265625
2,markdown,11,-1.27734375,-1.595703125,0.318359375
2,markdown,12,0.92138671875,0.1492919921875,0.7720947265625
2,markdown,13,0.376708984375,-0.36328125,0.739990234375
2,markdown,14,1.9697265625,0.6298828125,1.33984375
2,markdown,15,2.826171875,0.8125,2.013671875
2,markdown,16,4.8046875,1.263671875,3.541015625
2,markdown,17,5.72265625,1.751953125,3.970703125
2,markdown,18,4.6328125,0.466064453125,4.166748046875
2,markdown,19,6.8203125,2.44921875,4.37109375
2,markdown,20,2.09765625,-3.236328125,5.333984375
2,markdown,21,3.701171875,-2.736328125,6.4375
2,markdown,22,6.23828125,-1.779296875,8.017578125
2,markdown,23,12.5390625,4.0,8.5390625
2,markdown,24,13.5703125,4.3828125,9.1875
2,markdown,25,21.203125,9.5703125,11.6328125
2,markdown,26,16.28125,3.896484375,12.384765625
2,markdown,27,15.4609375,1.2998046875,14.1611328125
2,markdown,28,69.5,59.6875,9.8125
2,roleplay,0,0.156005859375,-0.1605224609375,0.3165283203125
2,roleplay,1,2.73828125,-1.7099609375,4.4482421875
2,roleplay,2,3.01171875,-3.3828125,6.39453125
2,roleplay,3,3.451171875,-3.23828125,6.689453125
2,roleplay,4,2.857421875,-4.90625,7.763671875
2,roleplay,5,4.9453125,-5.625,10.5703125
2,roleplay,6,3.47265625,-5.44921875,8.921875
2,roleplay,7,2.375,-5.0625,7.4375
2,roleplay,8,2.751953125,-7.5625,10.314453125
2,roleplay,9,3.357421875,-9.0546875,12.412109375
2,roleplay,10,6.3046875,-9.375,15.6796875
2,roleplay,11,5.7890625,-9.6015625,15.390625
2,roleplay,12,8.7734375,-7.2421875,16.015625
2,roleplay,13,8.2734375,-7.92578125,16.19921875
2,roleplay,14,9.453125,-7.5234375,16.9765625
2,roleplay,15,9.484375,-7.6328125,17.1171875
2,roleplay,16,10.296875,-7.1796875,17.4765625
2,roleplay,17,10.3515625,-7.1875,17.5390625
2,roleplay,18,10.0625,-8.375,18.4375
2,roleplay,19,12.75,-6.3828125,19.1328125
2,roleplay,20,6.359375,-15.7734375,22.1328125
2,roleplay,21,10.7578125,-14.6953125,25.453125
2,roleplay,22,14.8359375,-11.5546875,26.390625
2,roleplay,23,23.9375,-6.44140625,30.37890625
2,roleplay,24,27.15625,-6.203125,33.359375
2,roleplay,25,39.0,0.12347412109375,38.87652587890625
2,roleplay,26,38.3125,-4.71875,43.03125
2,roleplay,27,40.625,-7.46875,48.09375
2,roleplay,28,86.5,54.28125,32.21875
2,nested,0,0.156005859375,-0.1605224609375,0.3165283203125
2,nested,1,2.728515625,-1.7197265625,4.4482421875
2,nested,2,2.912109375,-3.58984375,6.501953125
2,nested,3,3.244140625,-3.544921875,6.7890625
2,nested,4,2.794921875,-5.2578125,8.052734375
2,nested,5,4.875,-6.171875,11.046875
2,nested,6,3.478515625,-5.58984375,9.068359375
2,nested,7,2.154296875,-5.23046875,7.384765625
2,nested,8,2.173828125,-7.79296875,9.966796875
2,nested,9,2.439453125,-9.6875,12.126953125
2,nested,10,5.6953125,-9.90625,15.6015625
2,nested,11,5.3671875,-10.0703125,15.4375
2,nested,12,8.6484375,-7.8828125,16.53125
2,nested,13,7.95703125,-8.46875,16.42578125
2,nested,14,8.9375,-7.94921875,16.88671875
2,nested,15,9.203125,-8.0859375,17.2890625
2,nested,16,10.3671875,-7.6796875,18.046875
2,nested,17,10.71875,-7.51171875,18.23046875
2,nested,18,9.953125,-8.8359375,18.7890625
2,nested,19,13.2890625,-6.35546875,19.64453125
2,nested,20,5.421875,-16.71875,22.140625
2,nested,21,9.5625,-15.8125,25.375
2,nested,22,14.203125,-13.2734375,27.4765625
2,nested,23,22.734375,-8.3984375,31.1328125
2,nested,24,25.796875,-8.8515625,34.6484375
2,nested,25,38.0625,-1.6943359375,39.7568359375
2,nested,26,37.0,-7.52734375,44.52734375
2,nested,27,40.09375,-11.0703125,51.1640625
2,nested,28,90.5,56.84375,33.65625
3,direct,0,0.1832275390625,-0.130126953125,0.3133544921875
3,direct,1,6.671875,-3.578125,10.25
3,direct,2,6.23828125,-4.3828125,10.62109375
3,direct,3,9.1171875,-4.30078125,13.41796875
3,direct,4,8.40625,-9.359375,17.765625
3,direct,5,5.125,-10.046875,15.171875
3,direct,6,7.11328125,-10.578125,17.69140625
3,direct,7,11.5703125,-9.7578125,21.328125
3,direct,8,11.015625,-9.4140625,20.4296875
3,direct,9,9.515625,-10.75,20.265625
3,direct,10,10.4921875,-9.84375,20.3359375
3,direct,11,11.9375,-8.5703125,20.5078125
3,direct,12,15.6015625,-5.43359375,21.03515625
3,direct,13,15.390625,-6.0625,21.453125
3,direct,14,15.6953125,-5.58203125,21.27734375
3,direct,15,16.671875,-6.4453125,23.1171875
3,direct,16,16.84375,-5.37890625,22.22265625
3,direct,17,16.921875,-4.76171875,21.68359375
3,direct,18,15.40625,-6.7421875,22.1484375
3,direct,19,20.125,-4.8203125,24.9453125
3,direct,20,15.109375,-14.4375,29.546875
3,direct,21,17.484375,-11.9609375,29.4453125
3,direct,22,21.984375,-9.9609375,31.9453125
3,direct,23,30.15625,-5.96875,36.125
3,direct,24,36.75,-6.6796875,43.4296875
3,direct,25,48.875,-1.14453125,50.01953125
3,direct,26,49.375,-6.6875,56.0625
3,direct,27,49.59375,-10.078125,59.671875
3,direct,28,92.3125,48.78125,43.53125
3,json,0,-0.03485107421875,-0.03485107421875,0.0
3,json,1,-0.28759765625,-0.33935546875,0.0517578125
3,json,2,-0.482666015625,-0.560546875,0.077880859375
3,json,3,-1.1943359375,-1.244140625,0.0498046875
3,json,4,-1.3349609375,-1.4658203125,0.130859375
3,json,5,-1.724609375,-1.8974609375,0.1728515625
3,json,6,-2.248046875,-2.357421875,0.109375
3,json,7,-2.4140625,-2.5390625,0.125
3,json,8,-1.6328125,-1.76953125,0.13671875
3,json,9,-1.8681640625,-1.9892578125,0.12109375
3,json,10,-1.2587890625,-1.322265625,0.0634765625
3,json,11,-1.966796875,-2.169921875,0.203125
3,json,12,-0.9619140625,-1.20703125,0.2451171875
3,json,13,-2.041015625,-2.236328125,0.1953125
3,json,14,-1.7138671875,-2.12890625,0.4150390625
3,json,15,-1.9189453125,-2.337890625,0.4189453125
3,json,16,-0.82763671875,-1.4736328125,0.64599609375
3,json,17,-0.61669921875,-1.4716796875,0.85498046875
3,json,18,-1.7109375,-2.66015625,0.94921875
3,json,19,-0.178955078125,-1.4951171875,1.316162109375
3,json,20,-3.28515625,-5.0390625,1.75390625
3,json,21,-1.771484375,-4.77734375,3.005859375
3,json,22,0.80322265625,-5.5859375,6.38916015625
3,json,23,4.4375,-2.427734375,6.865234375
3,json,24,3.71875,-3.4296875,7.1484375
3,json,25,9.109375,1.0439453125,8.0654296875
3,json,26,6.9140625,-2.24609375,9.16015625
3,json,27,6.85546875,-4.26953125,11.125
3,json,28,45.21875,20.625,24.59375
3,xml,0,-0.0015106201171875,-0.0015106201171875,0.0
3,xml,1,0.035675048828125,0.0140533447265625,0.0216217041015625
3,xml,2,-0.4140625,-0.4990234375,0.0849609375
3,xml,3,-1.2041015625,-1.2568359375,0.052734375
3,xml,4,-1.8076171875,-1.8935546875,0.0859375
3,xml,5,-2.501953125,-2.623046875,0.12109375
3,xml,6,-3.322265625,-3.3828125,0.060546875
3,xml,7,-3.04296875,-3.130859375,0.087890625
3,xml,8,-1.8955078125,-2.125,0.2294921875
3,xml,9,-2.06640625,-2.75,0.68359375
3,xml,10,-1.7138671875,-2.3515625,0.6376953125
3,xml,11,-1.3720703125,-2.69921875,1.3271484375
3,xml,12,0.982421875,-0.7919921875,1.7744140625
3,xml,13,0.7724609375,-1.345703125,2.1181640625
3,xml,14,1.6845703125,-1.6845703125,3.369140625
3,xml,15,2.4296875,-2.40625,4.8359375
3,xml,16,5.6640625,-1.265625,6.9296875
3,xml,17,8.546875,-1.3740234375,9.9208984375
3,xml,18,7.578125,-2.482421875,10.060546875
3,xml,19,9.578125,-0.638671875,10.216796875
3,xml,20,4.0078125,-5.5703125,9.578125
3,xml,21,4.06640625,-5.41796875,9.484375
3,xml,22,5.50390625,-5.99609375,11.5
3,xml,23,9.9765625,-1.7431640625,11.7197265625
3,xml,24,10.5,-1.921875,12.421875
3,xml,25,14.8203125,1.0009765625,13.8193359375
3,xml,26,13.03125,-3.76953125,16.80078125
3,xml,27,9.2421875,-6.82421875,16.06640625
3,xml,28,40.78125,27.734375,13.046875
3,markdown,0,-0.033660888671875,-0.033660888671875,0.0
3,markdown,1,-0.1148681640625,-0.173095703125,0.0582275390625
3,markdown,2,-0.71435546875,-0.7744140625,0.06005859375
3,markdown,3,-0.034698486328125,-0.1396484375,0.104949951171875
3,markdown,4,-0.88134765625,-0.99462890625,0.11328125
3,markdown,5,-0.82080078125,-0.91552734375,0.0947265625
3,markdown,6,-1.6533203125,-1.7900390625,0.13671875
3,markdown,7,-1.5361328125,-1.7099609375,0.173828125
3,markdown,8,-1.158203125,-1.326171875,0.16796875
3,markdown,9,-1.1337890625,-1.40625,0.2724609375
3,markdown,10,-1.9345703125,-2.181640625,0.2470703125
3,markdown,11,-0.8076171875,-1.2900390625,0.482421875
3,markdown,12,1.1611328125,0.23388671875,0.92724609375
3,markdown,13,0.6455078125,-0.30615234375,0.95166015625
3,markdown,14,2.224609375,0.73095703125,1.49365234375
3,markdown,15,2.984375,0.8486328125,2.1357421875
3,markdown,16,5.37109375,1.2685546875,4.1025390625
3,markdown,17,5.99609375,2.185546875,3.810546875
3,markdown,18,4.94921875,1.130859375,3.818359375
3,markdown,19,7.2734375,3.134765625,4.138671875
3,markdown,20,2.81640625,-2.125,4.94140625
3,markdown,21,4.015625,-2.185546875,6.201171875
3,markdown,22,7.7734375,-1.7705078125,9.5439453125
3,markdown,23,14.046875,3.3984375,10.6484375
3,markdown,24,15.46875,3.63671875,11.83203125
3,markdown,25,22.953125,8.765625,14.1875
3,markdown,26,18.4375,2.69921875,15.73828125
3,markdown,27,18.984375,0.55224609375,18.43212890625
3,markdown,28,73.0,59.96875,13.03125
3,roleplay,0,0.1832275390625,-0.130126953125,0.3133544921875
3,roleplay,1,6.51953125,-3.498046875,10.017578125
3,roleplay,2,6.10546875,-4.21484375,10.3203125
3,roleplay,3,8.96875,-4.04296875,13.01171875
3,roleplay,4,8.15625,-8.9453125,17.1015625
3,roleplay,5,5.32421875,-9.3828125,14.70703125
3,roleplay,6,6.84765625,-9.703125,16.55078125
3,roleplay,7,10.765625,-8.921875,19.6875
3,roleplay,8,10.8984375,-8.4453125,19.34375
3,roleplay,9,9.46875,-9.5546875,19.0234375
3,roleplay,10,10.2578125,-8.96875,19.2265625
3,roleplay,11,11.4375,-7.35546875,18.79296875
3,roleplay,12,15.2109375,-3.91015625,19.12109375
3,roleplay,13,14.796875,-4.5625,19.359375
3,roleplay,14,15.09375,-3.759765625,18.853515625
3,roleplay,15,15.6953125,-4.703125,20.3984375
3,roleplay,16,15.5625,-3.61328125,19.17578125
3,roleplay,17,15.6953125,-3.09375,18.7890625
3,roleplay,18,14.140625,-5.1328125,19.2734375
3,roleplay,19,18.0,-3.59375,21.59375
3,roleplay,20,12.3125,-13.1953125,25.5078125
3,roleplay,21,14.4453125,-10.78125,25.2265625
3,roleplay,22,18.203125,-8.453125,26.65625
3,roleplay,23,25.21875,-4.875,30.09375
3,roleplay,24,30.4375,-5.59765625,36.03515625
3,roleplay,25,41.25,-0.056396484375,41.306396484375
3,roleplay,26,41.3125,-6.3046875,47.6171875
3,roleplay,27,41.59375,-9.2265625,50.8203125
3,roleplay,28,86.625,45.375,41.25
3,nested,0,0.1832275390625,-0.130126953125,0.3133544921875
3,nested,1,6.4375,-3.53515625,9.97265625
3,nested,2,5.9296875,-4.2578125,10.1875
3,nested,3,8.671875,-4.125,12.796875
3,nested,4,8.0,-9.1328125,17.1328125
3,nested,5,5.01953125,-9.8359375,14.85546875
3,nested,6,6.95703125,-10.046875,17.00390625
3,nested,7,11.140625,-9.265625,20.40625
3,nested,8,10.9765625,-8.875,19.8515625
3,nested,9,9.5,-10.125,19.625
3,nested,10,10.2734375,-9.3046875,19.578125
3,nested,11,11.859375,-7.9375,19.796875
3,nested,12,15.1484375,-4.66796875,19.81640625
3,nested,13,15.0078125,-5.2109375,20.21875
3,nested,14,15.359375,-4.61328125,19.97265625
3,nested,15,16.34375,-5.50390625,21.84765625
3,nested,16,16.234375,-4.45703125,20.69140625
3,nested,17,16.296875,-3.732421875,20.029296875
3,nested,18,14.4375,-5.80078125,20.23828125
3,nested,19,18.6875,-3.966796875,22.654296875
3,nested,20,12.6953125,-13.6796875,26.375
3,nested,21,14.8359375,-11.21875,26.0546875
3,nested,22,18.671875,-8.9765625,27.6484375
3,nested,23,26.3125,-5.0,31.3125
3,nested,24,31.859375,-5.66796875,37.52734375
3,nested,25,43.1875,0.37890625,42.80859375
3,nested,26,42.875,-5.4921875,48.3671875
3,nested,27,42.5625,-8.6875,51.25
3,nested,28,91.4375,51.71875,39.71875
4,direct,0,0.18505859375,-0.2169189453125,0.4019775390625
4,direct,1,3.3515625,-4.62109375,7.97265625
4,direct,2,5.6640625,-7.6015625,13.265625
4,direct,3,5.5625,-8.9765625,14.5390625
4,direct,4,5.19140625,-12.3359375,17.52734375
4,direct,5,8.5,-14.2421875,22.7421875
4,direct,6,9.8046875,-13.203125,23.0078125
4,direct,7,9.8359375,-13.4921875,23.328125
4,direct,8,11.1171875,-14.15625,25.2734375
4,direct,9,10.1796875,-18.046875,28.2265625
4,direct,10,11.5234375,-19.171875,30.6953125
4,direct,11,11.6796875,-17.328125,29.0078125
4,direct,12,15.4140625,-11.625,27.0390625
4,direct,13,16.78125,-13.0625,29.84375
4,direct,14,16.734375,-13.1171875,29.8515625
4,direct,15,16.4375,-12.40625,28.84375
4,direct,16,17.15625,-11.5859375,28.7421875
4,direct,17,17.34375,-11.2890625,28.6328125
4,direct,18,16.109375,-13.4296875,29.5390625
4,direct,19,21.515625,-11.6484375,33.1640625
4,direct,20,13.3671875,-24.625,37.9921875
4,direct,21,18.171875,-23.671875,41.84375
4,direct,22,22.140625,-24.171875,46.3125
4,direct,23,31.15625,-20.546875,51.703125
4,direct,24,34.34375,-22.9375,57.28125
4,direct,25,45.4375,-20.953125,66.390625
4,direct,26,43.5,-26.90625,70.40625
4,direct,27,46.15625,-31.359375,77.515625
4,direct,28,96.8125,25.671875,71.140625
4,json,0,-0.03485107421875,-0.03485107421875,0.0
4,json,1,-0.31201171875,-0.38818359375,0.076171875
4,json,2,-0.47900390625,-0.6162109375,0.13720703125
4,json,3,-1.158203125,-1.25,0.091796875
4,json,4,-1.2822265625,-1.44921875,0.1669921875
4,json,5,-1.6201171875,-1.7373046875,0.1171875
4,json,6,-2.17578125,-2.2578125,0.08203125
4,json,7,-2.40234375,-2.466796875,0.064453125
4,json,8,-1.611328125,-1.7041015625,0.0927734375
4,json,9,-1.8671875,-2.021484375,0.154296875
4,json,10,-1.2861328125,-1.3896484375,0.103515625
4,json,11,-1.94140625,-2.26171875,0.3203125
4,json,12,-1.1103515625,-1.2998046875,0.189453125
4,json,13,-2.216796875,-2.3984375,0.181640625
4,json,14,-1.96875,-2.25,0.28125
4,json,15,-2.02734375,-2.494140625,0.466796875
4,json,16,-0.69921875,-1.4365234375,0.7373046875
4,json,17,-0.471435546875,-1.333984375,0.862548828125
4,json,18,-1.5830078125,-2.5546875,0.9716796875
4,json,19,-0.07049560546875,-1.1494140625,1.07891845703125
4,json,20,-3.720703125,-4.796875,1.076171875
4,json,21,-2.4765625,-4.5234375,2.046875
4,json,22,-1.005859375,-4.3359375,3.330078125
4,json,23,2.2734375,-1.37109375,3.64453125
4,json,24,1.4033203125,-2.986328125,4.3896484375
4,json,25,7.18359375,0.87548828125,6.30810546875
4,json,26,4.9453125,-2.107421875,7.052734375
4,json,27,4.11328125,-4.31640625,8.4296875
4,json,28,55.125,35.25,19.875
4,xml,0,-0.0015106201171875,-0.0015106201171875,0.0
4,xml,1,-0.036773681640625,-0.07269287109375,0.035919189453125
4,xml,2,-0.48193359375,-0.5810546875,0.09912109375
4,xml,3,-1.296875,-1.318359375,0.021484375
4,xml,4,-1.876953125,-2.017578125,0.140625
4,xml,5,-2.56640625,-2.6640625,0.09765625
4,xml,6,-3.234375,-3.326171875,0.091796875
4,xml,7,-2.884765625,-3.046875,0.162109375
4,xml,8,-2.037109375,-2.220703125,0.18359375
4,xml,9,-2.27734375,-2.892578125,0.615234375
4,xml,10,-1.837890625,-2.69140625,0.853515625
4,xml,11,-1.6708984375,-2.8125,1.1416015625
4,xml,12,0.1734619140625,-1.1025390625,1.2760009765625
4,xml,13,-0.52099609375,-1.65234375,1.13134765625
4,xml,14,0.22412109375,-1.986328125,2.21044921875
4,xml,15,-0.02398681640625,-2.4921875,2.46820068359375
4,xml,16,1.984375,-1.310546875,3.294921875
4,xml,17,3.125,-1.1328125,4.2578125
4,xml,18,2.33984375,-2.41796875,4.7578125
4,xml,19,4.1328125,-0.64208984375,4.77490234375
4,xml,20,-0.74609375,-5.59765625,4.8515625
4,xml,21,0.315185546875,-5.078125,5.393310546875
4,xml,22,1.53515625,-6.1015625,7.63671875
4,xml,23,5.3125,-3.373046875,8.685546875
4,xml,24,5.42578125,-5.05078125,10.4765625
4,xml,25,11.6640625,-3.189453125,14.853515625
4,xml,26,7.90234375,-7.23046875,15.1328125
4,xml,27,6.1796875,-10.8359375,17.015625
4,xml,28,36.875,13.484375,23.390625
4,markdown,0,-0.033660888671875,-0.033660888671875,0.0
4,markdown,1,-0.1424560546875,-0.218505859375,0.0760498046875
4,markdown,2,-0.70947265625,-0.80126953125,0.091796875
4,markdown,3,-0.111572265625,-0.17578125,0.064208984375
4,markdown,4,-0.89404296875,-1.029296875,0.13525390625
4,markdown,5,-0.8837890625,-0.95556640625,0.07177734375
4,markdown,6,-1.76953125,-1.7451171875,-0.0244140625
4,markdown,7,-1.751953125,-1.8046875,0.052734375
4,markdown,8,-1.4326171875,-1.55859375,0.1259765625
4,markdown,9,-1.5361328125,-1.6328125,0.0966796875
4,markdown,10,-2.24609375,-2.330078125,0.083984375
4,markdown,11,-1.2705078125,-1.6494140625,0.37890625
4,markdown,12,0.73583984375,0.03564453125,0.7001953125
4,markdown,13,0.1866455078125,-0.51318359375,0.6998291015625
4,markdown,14,1.689453125,0.439208984375,1.250244140625
4,markdown,15,2.248046875,0.466552734375,1.781494140625
4,markdown,16,4.81640625,1.1064453125,3.7099609375
4,markdown,17,5.70703125,1.572265625,4.134765625
4,markdown,18,4.61328125,0.2147216796875,4.3985595703125
4,markdown,19,6.79296875,2.087890625,4.705078125
4,markdown,20,2.1484375,-3.384765625,5.533203125
4,markdown,21,3.626953125,-3.927734375,7.5546875
4,markdown,22,5.98828125,-3.703125,9.69140625
4,markdown,23,12.171875,1.9453125,10.2265625
4,markdown,24,13.0546875,2.287109375,10.767578125
4,markdown,25,20.53125,7.4609375,13.0703125
4,markdown,26,15.7421875,1.6552734375,14.0869140625
4,markdown,27,14.8359375,-0.6142578125,15.4501953125
4,markdown,28,70.1875,58.96875,11.21875
4,roleplay,0,0.18505859375,-0.2169189453125,0.4019775390625
4,roleplay,1,3.3515625,-4.48046875,7.83203125
4,roleplay,2,5.69921875,-7.11328125,12.8125
4,roleplay,3,5.703125,-7.6640625,13.3671875
4,roleplay,4,5.359375,-10.2265625,15.5859375
4,roleplay,5,8.875,-11.59375,20.46875
4,roleplay,6,10.0234375,-11.0234375,21.046875
4,roleplay,7,10.125,-10.90625,21.03125
4,roleplay,8,11.3671875,-12.265625,23.6328125
4,roleplay,9,10.4140625,-15.9453125,26.359375
4,roleplay,10,11.984375,-17.671875,29.65625
4,roleplay,11,11.828125,-15.3515625,27.1796875
4,roleplay,12,15.5625,-9.8984375,25.4609375
4,roleplay,13,17.03125,-11.3359375,28.3671875
4,roleplay,14,16.796875,-11.5,28.296875
4,roleplay,15,16.578125,-11.125,27.703125
4,roleplay,16,17.140625,-10.2421875,27.3828125
4,roleplay,17,17.0625,-9.7890625,26.8515625
4,roleplay,18,16.046875,-11.5859375,27.6328125
4,roleplay,19,20.59375,-10.40625,31.0
4,roleplay,20,12.1640625,-22.828125,34.9921875
4,roleplay,21,16.59375,-21.859375,38.453125
4,roleplay,22,19.828125,-21.84375,41.671875
4,roleplay,23,27.75,-18.359375,46.109375
4,roleplay,24,30.359375,-20.6875,51.046875
4,roleplay,25,40.3125,-18.734375,59.046875
4,roleplay,26,37.4375,-25.078125,62.515625
4,roleplay,27,38.78125,-29.265625,68.046875
4,roleplay,28,88.3125,26.96875,61.34375
4,nested,0,0.18505859375,-0.2169189453125,0.4019775390625
4,nested,1,3.361328125,-4.52734375,7.888671875
4,nested,2,5.69140625,-7.27734375,12.96875
4,nested,3,5.6640625,-8.140625,13.8046875
4,nested,4,5.21484375,-11.0390625,16.25390625
4,nested,5,8.5234375,-12.7734375,21.296875
4,nested,6,9.9375,-12.3671875,22.3046875
4,nested,7,10.140625,-12.296875,22.4375
4,nested,8,11.328125,-13.234375,24.5625
4,nested,9,10.328125,-17.09375,27.421875
4,nested,10,11.4609375,-18.453125,29.9140625
4,nested,11,11.578125,-16.46875,28.046875
4,nested,12,15.203125,-10.9921875,26.1953125
4,nested,13,16.8125,-12.2578125,29.0703125
4,nested,14,16.65625,-12.3359375,28.9921875
4,nested,15,16.4375,-11.9296875,28.3671875
4,nested,16,17.0625,-10.9765625,28.0390625
4,nested,17,17.265625,-10.2265625,27.4921875
4,nested,18,16.015625,-11.9140625,27.9296875
4,nested,19,21.21875,-10.0234375,31.2421875
4,nested,20,12.4765625,-22.6875,35.1640625
4,nested,21,17.015625,-21.359375,38.375
4,nested,22,21.171875,-20.71875,41.890625
4,nested,23,29.59375,-17.046875,46.640625
4,nested,24,32.5,-19.84375,52.34375
4,nested,25,43.8125,-16.59375,60.40625
4,nested,26,41.53125,-23.203125,64.734375
4,nested,27,43.8125,-27.0625,70.875
4,nested,28,97.9375,36.375,61.5625
5,direct,0,0.2093505859375,-0.176513671875,0.3858642578125
5,direct,1,4.890625,-3.09765625,7.98828125
5,direct,2,5.51953125,-4.19140625,9.7109375
5,direct,3,6.0703125,-5.1875,11.2578125
5,direct,4,5.20703125,-5.609375,10.81640625
5,direct,5,7.94140625,-8.7734375,16.71484375
5,direct,6,8.7734375,-8.3828125,17.15625
5,direct,7,9.1875,-7.99609375,17.18359375
5,direct,8,8.3359375,-9.2109375,17.546875
5,direct,9,9.796875,-10.84375,20.640625
5,direct,10,12.96875,-10.8984375,23.8671875
5,direct,11,13.359375,-10.28125,23.640625
5,direct,12,16.234375,-7.96484375,24.19921875
5,direct,13,15.8046875,-9.0546875,24.859375
5,direct,14,16.609375,-8.609375,25.21875
5,direct,15,16.03125,-9.328125,25.359375
5,direct,16,16.375,-8.90625,25.28125
5,direct,17,16.5625,-8.4765625,25.0390625
5,direct,18,15.4296875,-11.671875,27.1015625
5,direct,19,19.125,-10.53125,29.65625
5,direct,20,11.5703125,-22.140625,33.7109375
5,direct,21,16.046875,-21.453125,37.5
5,direct,22,22.3125,-21.796875,44.109375
5,direct,23,32.4375,-18.390625,50.828125
5,direct,24,34.375,-18.90625,53.28125
5,direct,25,47.75,-13.546875,61.296875
5,direct,26,47.75,-19.5,67.25
5,direct,27,52.28125,-23.765625,76.046875
5,direct,28,97.875,28.546875,69.328125
5,json,0,-0.03485107421875,-0.03485107421875,0.0
5,json,1,-0.295166015625,-0.34423828125,0.049072265625
5,json,2,-0.44140625,-0.6025390625,0.1611328125
5,json,3,-1.1220703125,-1.2626953125,0.140625
5,json,4,-1.2412109375,-1.5546875,0.3134765625
5,json,5,-1.576171875,-1.87109375,0.294921875
5,json,6,-2.15625,-2.302734375,0.146484375
5,json,7,-2.36328125,-2.451171875,0.087890625
5,json,8,-1.53125,-1.423828125,-0.107421875
5,json,9,-1.7587890625,-1.40234375,-0.3564453125
5,json,10,-1.1982421875,-0.99462890625,-0.20361328125
5,json,11,-1.7626953125,-1.3408203125,-0.421875
5,json,12,-0.79150390625,-0.20263671875,-0.5888671875
5,json,13,-1.923828125,-1.2138671875,-0.7099609375
5,json,14,-1.603515625,-1.4228515625,-0.1806640625
5,json,15,-1.642578125,-1.54296875,-0.099609375
5,json,16,-0.51318359375,-0.79931640625,0.2861328125
5,json,17,0.0016641616821289062,-0.285888671875,0.2875528335571289
5,json,18,-1.3388671875,-1.3798828125,0.041015625
5,json,19,0.114990234375,-0.441162109375,0.55615234375
5,json,20,-3.591796875,-3.931640625,0.33984375
5,json,21,-2.009765625,-4.06640625,2.056640625
5,json,22,0.63623046875,-3.888671875,4.52490234375
5,json,23,4.609375,-1.1572265625,5.7666015625
5,json,24,3.87109375,-2.373046875,6.244140625
5,json,25,10.15625,0.67333984375,9.48291015625
5,json,26,7.9921875,-1.826171875,9.818359375
5,json,27,7.33203125,-4.1484375,11.48046875
5,json,28,54.84375,32.78125,22.0625
5,xml,0,-0.0015106201171875,-0.0015106201171875,0.0
5,xml,1,0.005977630615234375,-0.10009765625,0.10607528686523438
5,xml,2,-0.357421875,-0.59130859375,0.23388671875
5,xml,3,-1.150390625,-1.408203125,0.2578125
5,xml,4,-1.7294921875,-2.109375,0.3798828125
5,xml,5,-2.455078125,-2.75,0.294921875
5,xml,6,-3.296875,-3.640625,0.34375
5,xml,7,-2.951171875,-3.1015625,0.150390625
5,xml,8,-1.8369140625,-2.07421875,0.2373046875
5,xml,9,-1.8837890625,-2.423828125,0.5400390625
5,xml,10,-1.40625,-2.357421875,0.951171875
5,xml,11,-0.79296875,-2.8515625,2.05859375
5,xml,12,2.203125,-1.033203125,3.236328125
5,xml,13,2.5078125,-1.7587890625,4.2666015625
5,xml,14,3.408203125,-2.19140625,5.599609375
5,xml,15,4.3515625,-2.830078125,7.181640625
5,xml,16,5.6796875,-2.162109375,7.841796875
5,xml,17,6.98046875,-2.21875,9.19921875
5,xml,18,5.84765625,-3.40234375,9.25
5,xml,19,8.0703125,-1.875,9.9453125
5,xml,20,2.765625,-7.46875,10.234375
5,xml,21,3.49609375,-7.2265625,10.72265625
5,xml,22,4.6875,-7.56640625,12.25390625
5,xml,23,9.25,-3.701171875,12.951171875
5,xml,24,9.9375,-5.83984375,15.77734375
5,xml,25,15.125,-2.849609375,17.974609375
5,xml,26,13.25,-6.73046875,19.98046875
5,xml,27,10.09375,-10.8984375,20.9921875
5,xml,28,41.71875,24.625,17.09375
5,markdown,0,-0.033660888671875,-0.033660888671875,0.0
5,markdown,1,-0.1434326171875,-0.2000732421875,0.056640625
5,markdown,2,-0.7041015625,-0.80126953125,0.09716796875
5,markdown,3,-0.12225341796875,-0.154296875,0.03204345703125
5,markdown,4,-0.9375,-1.009765625,0.072265625
5,markdown,5,-0.86376953125,-0.9462890625,0.08251953125
5,markdown,6,-1.849609375,-1.9033203125,0.0537109375
5,markdown,7,-1.884765625,-1.8603515625,-0.0244140625
5,markdown,8,-1.52734375,-1.40234375,-0.125
5,markdown,9,-1.58203125,-1.673828125,0.091796875
5,markdown,10,-2.203125,-2.3046875,0.1015625
5,markdown,11,-1.3056640625,-1.8359375,0.5302734375
5,markdown,12,0.93212890625,0.038970947265625,0.893157958984375
5,markdown,13,0.325927734375,-0.64892578125,0.974853515625
5,markdown,14,1.6943359375,0.04083251953125,1.65350341796875
5,markdown,15,2.2421875,0.1475830078125,2.0946044921875
5,markdown,16,3.72265625,0.5390625,3.18359375
5,markdown,17,4.4140625,1.3017578125,3.1123046875
5,markdown,18,3.25,0.1695556640625,3.0804443359375
5,markdown,19,5.4296875,1.7646484375,3.6650390625
5,markdown,20,0.52294921875,-3.578125,4.10107421875
5,markdown,21,2.251953125,-3.94921875,6.201171875
5,markdown,22,5.70703125,-2.767578125,8.474609375
5,markdown,23,11.6640625,2.130859375,9.533203125
5,markdown,24,13.0703125,3.177734375,9.892578125
5,markdown,25,20.0625,7.9140625,12.1484375
5,markdown,26,14.875,1.1103515625,13.7646484375
5,markdown,27,13.5625,-2.15625,15.71875
5,markdown,28,68.0,54.875,13.125
5,roleplay,0,0.2093505859375,-0.176513671875,0.3858642578125
5,roleplay,1,4.64453125,-2.9921875,7.63671875
5,roleplay,2,5.16796875,-3.92578125,9.09375
5,roleplay,3,5.86328125,-4.7578125,10.62109375
5,roleplay,4,4.94921875,-5.0703125,10.01953125
5,roleplay,5,7.859375,-8.1484375,16.0078125
5,roleplay,6,8.6171875,-7.8359375,16.453125
5,roleplay,7,8.9609375,-7.69140625,16.65234375
5,roleplay,8,8.8359375,-8.7109375,17.546875
5,roleplay,9,9.75,-10.1015625,19.8515625
5,roleplay,10,12.796875,-10.0546875,22.8515625
5,roleplay,11,13.703125,-9.2578125,22.9609375
5,roleplay,12,16.828125,-7.109375,23.9375
5,roleplay,13,16.0,-8.2265625,24.2265625
5,roleplay,14,16.90625,-7.87109375,24.77734375
5,roleplay,15,16.171875,-8.7734375,24.9453125
5,roleplay,16,16.953125,-8.109375,25.0625
5,roleplay,17,17.0,-7.46875,24.46875
5,roleplay,18,16.203125,-10.3984375,26.6015625
5,roleplay,19,19.40625,-9.3515625,28.7578125
5,roleplay,20,11.71875,-20.859375,32.578125
5,roleplay,21,15.9921875,-20.34375,36.3359375
5,roleplay,22,21.96875,-20.03125,42.0
5,roleplay,23,31.40625,-16.890625,48.296875
5,roleplay,24,33.375,-17.46875,50.84375
5,roleplay,25,45.34375,-12.078125,57.421875
5,roleplay,26,44.40625,-18.140625,62.546875
5,roleplay,27,48.6875,-22.265625,70.953125
5,roleplay,28,96.9375,40.28125,56.65625
5,nested,0,0.2093505859375,-0.176513671875,0.3858642578125
5,nested,1,4.640625,-3.009765625,7.650390625
5,nested,2,5.1875,-4.0078125,9.1953125
5,nested,3,5.95703125,-4.9296875,10.88671875
5,nested,4,5.11328125,-5.23046875,10.34375
5,nested,5,7.62109375,-8.2421875,15.86328125
5,nested,6,8.515625,-7.90625,16.421875
5,nested,7,8.78125,-7.71484375,16.49609375
5,nested,8,8.609375,-8.8203125,17.4296875
5,nested,9,9.890625,-10.328125,20.21875
5,nested,10,13.2578125,-10.4296875,23.6875
5,nested,11,14.1796875,-9.734375,23.9140625
5,nested,12,17.109375,-7.33203125,24.44140625
5,nested,13,16.203125,-8.40625,24.609375
5,nested,14,16.796875,-7.9921875,24.7890625
5,nested,15,15.9609375,-8.8046875,24.765625
5,nested,16,16.59375,-8.25,24.84375
5,nested,17,17.0,-7.5234375,24.5234375
5,nested,18,16.140625,-10.4921875,26.6328125
5,nested,19,19.9375,-9.2890625,29.2265625
5,nested,20,11.8515625,-20.953125,32.8046875
5,nested,21,15.8125,-20.28125,36.09375
5,nested,22,21.8125,-20.046875,41.859375
5,nested,23,31.375,-16.578125,47.953125
5,nested,24,33.25,-17.09375,50.34375
5,nested,25,46.3125,-11.296875,57.609375
5,nested,26,45.25,-17.046875,62.296875
5,nested,27,48.0625,-20.890625,68.953125
5,nested,28,98.75,44.875,53.875
6,direct,0,0.1689453125,-0.20703125,0.3759765625
6,direct,1,4.65234375,-4.43359375,9.0859375
6,direct,2,7.2734375,-6.7109375,13.984375
6,direct,3,7.7578125,-9.2265625,16.984375
6,direct,4,7.26953125,-11.171875,18.44140625
6,direct,5,9.25,-13.2890625,22.5390625
6,direct,6,11.3203125,-11.7109375,23.03125
6,direct,7,9.375,-12.296875,21.671875
6,direct,8,11.2890625,-14.6328125,25.921875
6,direct,9,10.3125,-17.84375,28.15625
6,direct,10,12.828125,-18.421875,31.25
6,direct,11,13.5078125,-18.09375,31.6015625
6,direct,12,18.421875,-14.28125,32.703125
6,direct,13,18.953125,-15.8671875,34.8203125
6,direct,14,19.515625,-15.1875,34.703125
6,direct,15,18.578125,-15.8984375,34.4765625
6,direct,16,19.859375,-15.2734375,35.1328125
6,direct,17,20.1875,-15.1953125,35.3828125
6,direct,18,19.390625,-16.640625,36.03125
6,direct,19,24.65625,-14.546875,39.203125
6,direct,20,18.0,-26.78125,44.78125
6,direct,21,23.453125,-23.8125,47.265625
6,direct,22,29.78125,-21.421875,51.203125
6,direct,23,37.59375,-20.515625,58.109375
6,direct,24,39.96875,-22.078125,62.046875
6,direct,25,54.1875,-14.8984375,69.0859375
6,direct,26,52.3125,-21.40625,73.71875
6,direct,27,54.46875,-27.671875,82.140625
6,direct,28,99.5625,40.0,59.5625
6,json,0,-0.03485107421875,-0.03485107421875,0.0
6,json,1,-0.292724609375,-0.360107421875,0.0673828125
6,json,2,-0.447509765625,-0.609375,0.161865234375
6,json,3,-1.1767578125,-1.3076171875,0.130859375
6,json,4,-1.2958984375,-1.498046875,0.2021484375
6,json,5,-1.6357421875,-1.779296875,0.1435546875
6,json,6,-2.177734375,-2.322265625,0.14453125
6,json,7,-2.4609375,-2.576171875,0.115234375
6,json,8,-1.5947265625,-1.8056640625,0.2109375
6,json,9,-1.828125,-2.046875,0.21875
6,json,10,-1.138671875,-1.3515625,0.212890625
6,json,11,-1.8525390625,-2.216796875,0.3642578125
6,json,12,-1.044921875,-1.359375,0.314453125
6,json,13,-2.14453125,-2.46484375,0.3203125
6,json,14,-1.7958984375,-2.4453125,0.6494140625
6,json,15,-1.9140625,-2.6796875,0.765625
6,json,16,-0.51806640625,-1.583984375,1.06591796875
6,json,17,-0.307373046875,-1.5615234375,1.254150390625
6,json,18,-1.4169921875,-2.765625,1.3486328125
6,json,19,0.07861328125,-1.3564453125,1.43505859375
6,json,20,-3.421875,-4.71484375,1.29296875
6,json,21,-1.5703125,-4.46875,2.8984375
6,json,22,0.90478515625,-4.0390625,4.94384765625
6,json,23,4.1796875,-0.64111328125,4.82080078125
6,json,24,3.80078125,-1.5966796875,5.3974609375
6,json,25,10.8359375,2.875,7.9609375
6,json,26,8.8515625,-0.373779296875,9.225341796875
6,json,27,9.5078125,-2.998046875,12.505859375
6,json,28,57.90625,34.34375,23.5625
6,xml,0,-0.0015106201171875,-0.0015106201171875,0.0
6,xml,1,0.01084136962890625,-0.0212860107421875,0.03212738037109375
6,xml,2,-0.3662109375,-0.497314453125,0.131103515625
6,xml,3,-1.1689453125,-1.275390625,0.1064453125
6,xml,4,-1.7490234375,-1.9326171875,0.18359375
6,xml,5,-2.443359375,-2.6640625,0.220703125
6,xml,6,-3.107421875,-3.484375,0.376953125
6,xml,7,-2.822265625,-3.107421875,0.28515625
6,xml,8,-1.7900390625,-2.099609375,0.3095703125
6,xml,9,-1.9482421875,-2.806640625,0.8583984375
6,xml,10,-1.482421875,-2.326171875,0.84375
6,xml,11,-0.82421875,-2.44921875,1.625
6,xml,12,1.7041015625,-0.83056640625,2.53466796875
6,xml,13,1.33203125,-1.4091796875,2.7412109375
6,xml,14,2.76171875,-1.736328125,4.498046875
6,xml,15,3.048828125,-2.337890625,5.38671875
6,xml,16,4.49609375,-1.2548828125,5.7509765625
6,xml,17,6.2734375,-1.0849609375,7.3583984375
6,xml,18,5.40234375,-2.345703125,7.748046875
6,xml,19,7.15625,-0.429931640625,7.586181640625
6,xml,20,2.046875,-5.14453125,7.19140625
6,xml,21,2.724609375,-4.9140625,7.638671875
6,xml,22,4.19140625,-5.40625,9.59765625
6,xml,23,8.4609375,-1.5546875,10.015625
6,xml,24,8.703125,-2.396484375,11.099609375
6,xml,25,15.0,1.658203125,13.341796875
6,xml,26,12.8203125,-2.361328125,15.181640625
6,xml,27,10.2734375,-6.1953125,16.46875
6,xml,28,40.90625,21.15625,19.75
6,markdown,0,-0.033660888671875,-0.033660888671875,0.0
6,markdown,1,-0.103759765625,-0.1788330078125,0.0750732421875
6,markdown,2,-0.650390625,-0.7666015625,0.1162109375
6,markdown,3,-0.034210205078125,-0.1636962890625,0.129486083984375
6,markdown,4,-0.83447265625,-0.986328125,0.15185546875
6,markdown,5,-0.7822265625,-0.9560546875,0.173828125
6,markdown,6,-1.7080078125,-1.8974609375,0.189453125
6,markdown,7,-1.6533203125,-1.869140625,0.2158203125
6,markdown,8,-1.3369140625,-1.6103515625,0.2734375
6,markdown,9,-1.4072265625,-1.646484375,0.2392578125
6,markdown,10,-2.078125,-2.390625,0.3125
6,markdown,11,-1.1298828125,-1.669921875,0.5400390625
6,markdown,12,1.1650390625,0.0036144256591796875,1.1614246368408203
6,markdown,13,0.50341796875,-0.58544921875,1.0888671875
6,markdown,14,1.908203125,0.408203125,1.5
6,markdown,15,2.279296875,0.6728515625,1.6064453125
6,markdown,16,4.16015625,1.2294921875,2.9306640625
6,markdown,17,5.109375,1.9951171875,3.1142578125
6,markdown,18,4.1875,0.9521484375,3.2353515625
6,markdown,19,6.32421875,2.935546875,3.388671875
6,markdown,20,1.458984375,-2.44921875,3.908203125
6,markdown,21,3.08203125,-2.568359375,5.650390625
6,markdown,22,6.72265625,-2.25,8.97265625
6,markdown,23,13.3671875,3.115234375,10.251953125
6,markdown,24,14.3671875,3.55859375,10.80859375
6,markdown,25,22.625,9.015625,13.609375
6,markdown,26,17.921875,2.685546875,15.236328125
6,markdown,27,17.578125,-0.7275390625,18.3056640625
6,markdown,28,72.5,58.96875,13.53125
6,roleplay,0,0.1689453125,-0.20703125,0.3759765625
6,roleplay,1,4.38671875,-4.10546875,8.4921875
6,roleplay,2,7.34765625,-5.3828125,12.73046875
6,roleplay,3,8.1328125,-8.203125,16.3359375
6,roleplay,4,7.38671875,-9.5,16.88671875
6,roleplay,5,9.484375,-11.8203125,21.3046875
6,roleplay,6,11.671875,-10.5859375,22.2578125
6,roleplay,7,9.7890625,-10.8125,20.6015625
6,roleplay,8,11.03125,-12.703125,23.734375
6,roleplay,9,10.5,-15.765625,26.265625
6,roleplay,10,13.734375,-16.09375,29.828125
6,roleplay,11,13.765625,-15.03125,28.796875
6,roleplay,12,18.15625,-11.8125,29.96875
6,roleplay,13,17.796875,-13.4921875,31.2890625
6,roleplay,14,18.265625,-12.7265625,30.9921875
6,roleplay,15,17.15625,-13.3984375,30.5546875
6,roleplay,16,18.703125,-12.7890625,31.4921875
6,roleplay,17,18.5,-12.5703125,31.0703125
6,roleplay,18,17.78125,-13.828125,31.609375
6,roleplay,19,21.859375,-12.1953125,34.0546875
6,roleplay,20,15.03125,-24.09375,39.125
6,roleplay,21,20.15625,-21.015625,41.171875
6,roleplay,22,25.015625,-17.71875,42.734375
6,roleplay,23,31.578125,-15.546875,47.125
6,roleplay,24,33.28125,-15.6796875,48.9609375
6,roleplay,25,42.8125,-8.78125,51.59375
6,roleplay,26,39.96875,-15.1484375,55.1171875
6,roleplay,27,41.0,-20.40625,61.40625
6,roleplay,28,96.5,44.1875,52.3125
6,nested,0,0.1689453125,-0.20703125,0.3759765625
6,nested,1,4.46484375,-4.23828125,8.703125
6,nested,2,7.52734375,-5.9609375,13.48828125
6,nested,3,8.0859375,-8.6171875,16.703125
6,nested,4,7.48046875,-10.0703125,17.55078125
6,nested,5,9.484375,-12.53125,22.015625
6,nested,6,12.1953125,-10.8359375,23.03125
6,nested,7,9.9609375,-11.09375,21.0546875
6,nested,8,11.109375,-13.2421875,24.3515625
6,nested,9,10.59375,-16.484375,27.078125
6,nested,10,13.6640625,-16.8125,30.4765625
6,nested,11,13.8671875,-16.1875,30.0546875
6,nested,12,18.5,-12.7734375,31.2734375
6,nested,13,18.296875,-14.328125,32.625
6,nested,14,18.8125,-13.5390625,32.3515625
6,nested,15,17.875,-14.3046875,32.1796875
6,nested,16,19.296875,-13.5,32.796875
6,nested,17,19.390625,-13.0625,32.453125
6,nested,18,18.453125,-14.140625,32.59375
6,nested,19,23.234375,-11.8828125,35.1171875
6,nested,20,15.3984375,-24.546875,39.9453125
6,nested,21,20.515625,-21.578125,42.09375
6,nested,22,25.921875,-18.8125,44.734375
6,nested,23,32.59375,-17.25,49.84375
6,nested,24,34.3125,-18.765625,53.078125
6,nested,25,44.90625,-11.8125,56.71875
6,nested,26,42.09375,-19.328125,61.421875
6,nested,27,43.46875,-24.5625,68.03125
6,nested,28,102.0,49.03125,52.96875
7,direct,0,0.1802978515625,-0.184326171875,0.3646240234375
7,direct,1,3.291015625,-3.16015625,6.451171875
7,direct,2,4.12890625,-5.30078125,9.4296875
7,direct,3,4.25,-13.4921875,17.7421875
7,direct,4,4.31640625,-13.3515625,17.66796875
7,direct,5,3.802734375,-15.3515625,19.154296875
7,direct,6,5.4453125,-14.9140625,20.359375
7,direct,7,3.98828125,-14.0078125,17.99609375
7,direct,8,5.14453125,-14.9765625,20.12109375
7,direct,9,3.69921875,-17.96875,21.66796875
7,direct,10,5.2890625,-19.09375,24.3828125
7,direct,11,5.34375,-18.78125,24.125
7,direct,12,9.296875,-13.7421875,23.0390625
7,direct,13,8.515625,-14.59375,23.109375
7,direct,14,9.7578125,-14.4609375,24.21875
7,direct,15,10.9375,-14.5390625,25.4765625
7,direct,16,12.1171875,-13.703125,25.8203125
7,direct,17,11.3515625,-14.1171875,25.46875
7,direct,18,9.5859375,-16.015625,25.6015625
7,direct,19,12.421875,-14.046875,26.46875
7,direct,20,2.06640625,-28.375,30.44140625
7,direct,21,6.75390625,-25.125,31.87890625
7,direct,22,10.9453125,-24.546875,35.4921875
7,direct,23,21.09375,-21.421875,42.515625
7,direct,24,23.0,-24.921875,47.921875
7,direct,25,36.03125,-21.328125,57.359375
7,direct,26,34.375,-27.40625,61.78125
7,direct,27,37.40625,-28.078125,65.484375
7,direct,28,87.4375,30.34375,57.09375
7,json,0,-0.03485107421875,-0.03485107421875,0.0
7,json,1,-0.343994140625,-0.362060546875,0.01806640625
7,json,2,-0.5439453125,-0.6015625,0.0576171875
7,json,3,-1.208984375,-1.259765625,0.05078125
7,json,4,-1.4248046875,-1.42578125,0.0009765625
7,json,5,-1.7685546875,-1.78515625,0.0166015625
7,json,6,-2.26171875,-2.25390625,-0.0078125
7,json,7,-2.423828125,-2.4921875,0.068359375
7,json,8,-1.658203125,-1.7275390625,0.0693359375
7,json,9,-1.8291015625,-1.9423828125,0.11328125
7,json,10,-1.2685546875,-1.4697265625,0.201171875
7,json,11,-2.146484375,-2.259765625,0.11328125
7,json,12,-1.3310546875,-1.4541015625,0.123046875
7,json,13,-2.46875,-2.623046875,0.154296875
7,json,14,-2.193359375,-2.41796875,0.224609375
7,json,15,-2.400390625,-2.677734375,0.27734375
7,json,16,-0.9814453125,-1.5107421875,0.529296875
7,json,17,-0.69091796875,-1.470703125,0.77978515625
7,json,18,-1.80859375,-2.71875,0.91015625
7,json,19,-0.35498046875,-1.431640625,1.07666015625
7,json,20,-3.5,-4.7265625,1.2265625
7,json,21,-2.08984375,-4.33984375,2.25
7,json,22,0.611328125,-4.23828125,4.849609375
7,json,23,4.03125,-1.3408203125,5.3720703125
7,json,24,3.91015625,-2.72265625,6.6328125
7,json,25,10.9453125,0.59033203125,10.35498046875
7,json,26,7.8203125,-2.646484375,10.466796875
7,json,27,8.296875,-4.515625,12.8125
7,json,28,52.34375,34.5625,17.78125
7,xml,0,-0.0015106201171875,-0.0015106201171875,0.0
7,xml,1,-0.037322998046875,-0.0714111328125,0.034088134765625
7,xml,2,-0.50048828125,-0.59033203125,0.08984375
7,xml,3,-1.28125,-1.3154296875,0.0341796875
7,xml,4,-1.9345703125,-1.9833984375,0.048828125
7,xml,5,-2.578125,-2.65234375,0.07421875
7,xml,6,-3.365234375,-3.46875,0.103515625
7,xml,7,-3.05078125,-3.34375,0.29296875
7,xml,8,-1.96484375,-2.283203125,0.318359375
7,xml,9,-2.16015625,-2.748046875,0.587890625
7,xml,10,-1.7880859375,-2.599609375,0.8115234375
7,xml,11,-1.7421875,-2.865234375,1.123046875
7,xml,12,-0.058013916015625,-1.291015625,1.233001708984375
7,xml,13,-0.8154296875,-2.099609375,1.2841796875
7,xml,14,-0.283203125,-2.384765625,2.1015625
7,xml,15,-0.52197265625,-2.908203125,2.38623046875
7,xml,16,2.58984375,-1.5849609375,4.1748046875
7,xml,17,4.4296875,-1.70703125,6.13671875
7,xml,18,3.53515625,-3.23828125,6.7734375
7,xml,19,5.37890625,-1.1455078125,6.5244140625
7,xml,20,0.35302734375,-5.8984375,6.25146484375
7,xml,21,1.0693359375,-5.703125,6.7724609375
7,xml,22,2.974609375,-6.56640625,9.541015625
7,xml,23,7.625,-3.087890625,10.712890625
7,xml,24,8.5546875,-4.33203125,12.88671875
7,xml,25,16.046875,-2.037109375,18.083984375
7,xml,26,12.3203125,-5.8359375,18.15625
7,xml,27,11.4609375,-8.8203125,20.28125
7,xml,28,45.09375,28.09375,17.0
7,markdown,0,-0.033660888671875,-0.033660888671875,0.0
7,markdown,1,-0.14794921875,-0.1846923828125,0.0367431640625
7,markdown,2,-0.734375,-0.80322265625,0.06884765625
7,markdown,3,-0.10858154296875,-0.1363525390625,0.02777099609375
7,markdown,4,-0.97509765625,-1.021484375,0.04638671875
7,markdown,5,-0.80517578125,-0.87060546875,0.0654296875
7,markdown,6,-1.8310546875,-1.9052734375,0.07421875
7,markdown,7,-1.837890625,-1.9140625,0.076171875
7,markdown,8,-1.4794921875,-1.53515625,0.0556640625
7,markdown,9,-1.5302734375,-1.6220703125,0.091796875
7,markdown,10,-2.138671875,-2.267578125,0.12890625
7,markdown,11,-1.388671875,-1.5947265625,0.2060546875
7,markdown,12,0.64892578125,-0.025238037109375,0.674163818359375
7,markdown,13,0.1240234375,-0.5029296875,0.626953125
7,markdown,14,1.4794921875,0.5009765625,0.978515625
7,markdown,15,1.8984375,0.6123046875,1.2861328125
7,markdown,16,4.12109375,0.76318359375,3.35791015625
7,markdown,17,4.78125,1.095703125,3.685546875
7,markdown,18,3.79296875,0.34033203125,3.45263671875
7,markdown,19,6.00390625,2.2421875,3.76171875
7,markdown,20,1.2568359375,-2.763671875,4.0205078125
7,markdown,21,2.09375,-3.322265625,5.416015625
7,markdown,22,5.01171875,-3.123046875,8.134765625
7,markdown,23,11.6171875,1.7841796875,9.8330078125
7,markdown,24,12.5546875,1.8115234375,10.7431640625
7,markdown,25,19.71875,5.91796875,13.80078125
7,markdown,26,14.5703125,-0.37890625,14.94921875
7,markdown,27,14.84375,-2.63671875,17.48046875
7,markdown,28,68.375,56.375,12.0
7,roleplay,0,0.1802978515625,-0.184326171875,0.3646240234375
7,roleplay,1,3.123046875,-3.056640625,6.1796875
7,roleplay,2,4.30859375,-4.52734375,8.8359375
7,roleplay,3,4.53515625,-11.6328125,16.16796875
7,roleplay,4,4.17578125,-11.8671875,16.04296875
7,roleplay,5,4.140625,-13.5234375,17.6640625
7,roleplay,6,4.875,-13.125,18.0
7,roleplay,7,3.9921875,-12.375,16.3671875
7,roleplay,8,5.625,-13.4140625,19.0390625
7,roleplay,9,4.703125,-16.28125,20.984375
7,roleplay,10,6.20703125,-17.171875,23.37890625
7,roleplay,11,6.9375,-16.421875,23.359375
7,roleplay,12,10.859375,-11.2109375,22.0703125
7,roleplay,13,10.0390625,-11.9140625,21.953125
7,roleplay,14,11.0625,-11.671875,22.734375
7,roleplay,15,11.8359375,-11.8828125,23.71875
7,roleplay,16,12.671875,-11.15625,23.828125
7,roleplay,17,12.203125,-11.1015625,23.3046875
7,roleplay,18,11.046875,-12.71875,23.765625
7,roleplay,19,13.6328125,-11.1640625,24.796875
7,roleplay,20,4.1640625,-24.78125,28.9453125
7,roleplay,21,8.046875,-20.96875,29.015625
7,roleplay,22,12.140625,-19.8125,31.953125
7,roleplay,23,21.1875,-15.0703125,36.2578125
7,roleplay,24,22.921875,-16.828125,39.75
7,roleplay,25,35.28125,-11.734375,47.015625
7,roleplay,26,32.71875,-17.53125,50.25
7,roleplay,27,34.65625,-19.578125,54.234375
7,roleplay,28,86.6875,39.34375,47.34375
7,nested,0,0.1802978515625,-0.184326171875,0.3646240234375
7,nested,1,3.150390625,-3.080078125,6.23046875
7,nested,2,4.23046875,-4.73046875,8.9609375
7,nested,3,4.37109375,-12.46875,16.83984375
7,nested,4,4.16015625,-12.4375,16.59765625
7,nested,5,3.916015625,-14.3984375,18.314453125
7,nested,6,5.12890625,-13.7265625,18.85546875
7,nested,7,4.234375,-13.0,17.234375
7,nested,8,5.5,-14.0390625,19.5390625
7,nested,9,4.36328125,-16.84375,21.20703125
7,nested,10,5.76171875,-17.9375,23.69921875
7,nested,11,5.8828125,-17.40625,23.2890625
7,nested,12,9.625,-12.4609375,22.0859375
7,nested,13,8.90625,-13.1953125,22.1015625
7,nested,14,10.15625,-12.8984375,23.0546875
7,nested,15,11.0,-13.015625,24.015625
7,nested,16,11.9921875,-12.109375,24.1015625
7,nested,17,11.6015625,-12.140625,23.7421875
7,nested,18,10.1640625,-13.6875,23.8515625
7,nested,19,13.2578125,-11.5703125,24.828125
7,nested,20,3.15234375,-25.359375,28.51171875
7,nested,21,7.46875,-21.875,29.34375
7,nested,22,12.0390625,-20.9375,32.9765625
7,nested,23,21.375,-16.828125,38.203125
7,nested,24,23.171875,-19.390625,42.5625
7,nested,25,35.84375,-14.578125,50.421875
7,nested,26,33.4375,-20.59375,54.03125
7,nested,27,35.625,-21.796875,57.421875
7,nested,28,91.375,40.96875,50.40625
8,direct,0,0.13818359375,-0.163818359375,0.302001953125
8,direct,1,2.990234375,-1.66015625,4.650390625
8,direct,2,2.85546875,-2.494140625,5.349609375
8,direct,3,3.755859375,-4.35546875,8.111328125
8,direct,4,3.83984375,-5.0,8.83984375
8,direct,5,5.28125,-6.12890625,11.41015625
8,direct,6,6.640625,-5.625,12.265625
8,direct,7,7.7890625,-5.828125,13.6171875
8,direct,8,9.734375,-6.1796875,15.9140625
8,direct,9,9.1796875,-8.171875,17.3515625
8,direct,10,11.0703125,-9.328125,20.3984375
8,direct,11,10.6640625,-9.4609375,20.125
8,direct,12,13.7421875,-4.65234375,18.39453125
8,direct,13,13.8125,-5.66796875,19.48046875
8,direct,14,15.1015625,-5.2421875,20.34375
8,direct,15,16.453125,-5.8203125,22.2734375
8,direct,16,16.8125,-4.76953125,21.58203125
8,direct,17,16.578125,-4.62890625,21.20703125
8,direct,18,16.453125,-7.17578125,23.62890625
8,direct,19,21.84375,-3.349609375,25.193359375
8,direct,20,16.90625,-14.59375,31.5
8,direct,21,20.46875,-12.6875,33.15625
8,direct,22,25.265625,-12.0078125,37.2734375
8,direct,23,33.1875,-7.4296875,40.6171875
8,direct,24,34.125,-7.30859375,41.43359375
8,direct,25,45.34375,-0.0191802978515625,45.36293029785156
8,direct,26,43.21875,-4.18359375,47.40234375
8,direct,27,44.09375,-6.44140625,50.53515625
8,direct,28,92.5,54.03125,38.46875
8,json,0,-0.03485107421875,-0.03485107421875,0.0
8,json,1,-0.317626953125,-0.346435546875,0.02880859375
8,json,2,-0.47021484375,-0.55126953125,0.0810546875
8,json,3,-1.11328125,-1.2265625,0.11328125
8,json,4,-1.2333984375,-1.3671875,0.1337890625
8,json,5,-1.5751953125,-1.6953125,0.1201171875
8,json,6,-2.0625,-2.24609375,0.18359375
8,json,7,-2.361328125,-2.48046875,0.119140625
8,json,8,-1.6201171875,-1.728515625,0.1083984375
8,json,9,-1.8603515625,-1.9697265625,0.109375
8,json,10,-1.3427734375,-1.345703125,0.0029296875
8,json,11,-1.939453125,-2.0390625,0.099609375
8,json,12,-1.119140625,-1.138671875,0.01953125
8,json,13,-2.240234375,-2.283203125,0.04296875
8,json,14,-1.97265625,-2.125,0.15234375
8,json,15,-2.091796875,-2.306640625,0.21484375
8,json,16,-0.779296875,-1.208984375,0.4296875
8,json,17,-0.4765625,-1.119140625,0.642578125
8,json,18,-1.55859375,-2.423828125,0.865234375
8,json,19,-0.156494140625,-1.1064453125,0.949951171875
8,json,20,-3.65234375,-4.6328125,0.98046875
8,json,21,-1.9287109375,-4.234375,2.3056640625
8,json,22,0.00643157958984375,-3.478515625,3.4849472045898438
8,json,23,3.455078125,-0.33056640625,3.78564453125
8,json,24,3.048828125,-1.6103515625,4.6591796875
8,json,25,9.921875,2.689453125,7.232421875
8,json,26,8.2890625,-0.31298828125,8.60205078125
8,json,27,8.359375,-2.40625,10.765625
8,json,28,55.0625,35.09375,19.96875
8,xml,0,-0.0015106201171875,-0.0015106201171875,0.0
8,xml,1,0.0243988037109375,-0.0305633544921875,0.054962158203125
8,xml,2,-0.407958984375,-0.53955078125,0.131591796875
8,xml,3,-1.2021484375,-1.2900390625,0.087890625
8,xml,4,-1.7275390625,-1.8076171875,0.080078125
8,xml,5,-2.41015625,-2.505859375,0.095703125
8,xml,6,-3.134765625,-3.3359375,0.201171875
8,xml,7,-2.88671875,-3.033203125,0.146484375
8,xml,8,-1.9052734375,-2.03515625,0.1298828125
8,xml,9,-2.1328125,-2.6015625,0.46875
8,xml,10,-1.70703125,-2.318359375,0.611328125
8,xml,11,-1.4873046875,-2.439453125,0.9521484375
8,xml,12,0.2435302734375,-0.86328125,1.1068115234375
8,xml,13,-0.35546875,-1.47265625,1.1171875
8,xml,14,0.365234375,-1.8203125,2.185546875
8,xml,15,0.1580810546875,-2.4375,2.5955810546875
8,xml,16,2.171875,-1.103515625,3.275390625
8,xml,17,3.263671875,-0.9833984375,4.2470703125
8,xml,18,2.404296875,-2.279296875,4.68359375
8,xml,19,4.20703125,-0.55712890625,4.76416015625
8,xml,20,-0.607421875,-5.58203125,4.974609375
8,xml,21,0.333251953125,-5.17578125,5.509033203125
8,xml,22,2.01953125,-5.41015625,7.4296875
8,xml,23,5.953125,-2.1328125,8.0859375
8,xml,24,6.27734375,-3.990234375,10.267578125
8,xml,25,15.0390625,-0.70703125,15.74609375
8,xml,26,11.5390625,-5.66015625,17.19921875
8,xml,27,9.8046875,-8.640625,18.4453125
8,xml,28,35.0,14.7421875,20.2578125
8,markdown,0,-0.033660888671875,-0.033660888671875,0.0
8,markdown,1,-0.141357421875,-0.17578125,0.034423828125
8,markdown,2,-0.6796875,-0.7568359375,0.0771484375
8,markdown,3,-0.09515380859375,-0.1190185546875,0.02386474609375
8,markdown,4,-0.9365234375,-0.935546875,-0.0009765625
8,markdown,5,-0.9169921875,-0.873046875,-0.0439453125
8,markdown,6,-1.7958984375,-1.7900390625,-0.005859375
8,markdown,7,-1.76953125,-1.8125,0.04296875
8,markdown,8,-1.40625,-1.5390625,0.1328125
8,markdown,9,-1.5908203125,-1.6904296875,0.099609375
8,markdown,10,-2.16796875,-2.40625,0.23828125
8,markdown,11,-1.236328125,-1.7900390625,0.5537109375
8,markdown,12,1.029296875,0.042205810546875,0.987091064453125
8,markdown,13,0.51611328125,-0.499267578125,1.015380859375
8,markdown,14,1.8955078125,0.437744140625,1.457763671875
8,markdown,15,2.42578125,0.54345703125,1.88232421875
8,markdown,16,4.36328125,1.255859375,3.107421875
8,markdown,17,5.5078125,1.9091796875,3.5986328125
8,markdown,18,4.72265625,0.84814453125,3.87451171875
8,markdown,19,6.76171875,2.759765625,4.001953125
8,markdown,20,2.064453125,-2.72265625,4.787109375
8,markdown,21,3.62890625,-2.75390625,6.3828125
8,markdown,22,6.22265625,-2.06640625,8.2890625
8,markdown,23,12.6328125,3.501953125,9.130859375
8,markdown,24,13.5,3.626953125,9.873046875
8,markdown,25,21.640625,8.59375,13.046875
8,markdown,26,17.109375,2.501953125,14.607421875
8,markdown,27,16.515625,0.0240936279296875,16.491531372070312
8,markdown,28,71.3125,59.28125,12.03125
8,roleplay,0,0.13818359375,-0.163818359375,0.302001953125
8,roleplay,1,2.94140625,-1.7109375,4.65234375
8,roleplay,2,2.96875,-2.220703125,5.189453125
8,roleplay,3,4.19921875,-4.03515625,8.234375
8,roleplay,4,3.939453125,-4.62890625,8.568359375
8,roleplay,5,5.40625,-5.25,10.65625
8,roleplay,6,6.609375,-4.8203125,11.4296875
8,roleplay,7,7.63671875,-5.0078125,12.64453125
8,roleplay,8,9.171875,-5.28515625,14.45703125
8,roleplay,9,9.046875,-7.296875,16.34375
8,roleplay,10,11.453125,-8.4140625,19.8671875
8,roleplay,11,10.953125,-8.4765625,19.4296875
8,roleplay,12,13.8984375,-3.76953125,17.66796875
8,roleplay,13,13.671875,-4.7421875,18.4140625
8,roleplay,14,15.0859375,-4.15625,19.2421875
8,roleplay,15,16.34375,-4.578125,20.921875
8,roleplay,16,16.640625,-3.447265625,20.087890625
8,roleplay,17,16.0625,-3.2265625,19.2890625
8,roleplay,18,16.078125,-5.22265625,21.30078125
8,roleplay,19,20.328125,-2.185546875,22.513671875
8,roleplay,20,14.515625,-13.2578125,27.7734375
8,roleplay,21,18.4375,-10.984375,29.421875
8,roleplay,22,22.328125,-9.75,32.078125
8,roleplay,23,30.078125,-5.28125,35.359375
8,roleplay,24,30.6875,-4.65625,35.34375
8,roleplay,25,41.75,2.09765625,39.65234375
8,roleplay,26,39.46875,-2.6875,42.15625
8,roleplay,27,39.375,-5.6015625,44.9765625
8,roleplay,28,87.875,53.46875,34.40625
8,nested,0,0.13818359375,-0.163818359375,0.302001953125
8,nested,1,2.919921875,-1.7412109375,4.6611328125
8,nested,2,2.865234375,-2.33203125,5.197265625
8,nested,3,4.09375,-4.27734375,8.37109375
8,nested,4,4.125,-4.890625,9.015625
8,nested,5,5.73828125,-5.33203125,11.0703125
8,nested,6,7.10546875,-4.7578125,11.86328125
8,nested,7,7.96484375,-5.07421875,13.0390625
8,nested,8,9.46875,-5.2265625,14.6953125
8,nested,9,9.0859375,-6.984375,16.0703125
8,nested,10,11.3828125,-7.91796875,19.30078125
8,nested,11,10.9609375,-8.390625,19.3515625
8,nested,12,13.84375,-3.78125,17.625
8,nested,13,13.765625,-4.80859375,18.57421875
8,nested,14,15.0625,-4.140625,19.203125
8,nested,15,16.484375,-4.59375,21.078125
8,nested,16,16.625,-3.513671875,20.138671875
8,nested,17,16.46875,-3.16796875,19.63671875
8,nested,18,16.265625,-5.1796875,21.4453125
8,nested,19,21.265625,-1.6064453125,22.8720703125
8,nested,20,14.953125,-12.859375,27.8125
8,nested,21,18.453125,-10.28125,28.734375
8,nested,22,22.6875,-8.84375,31.53125
8,nested,23,30.234375,-4.15625,34.390625
8,nested,24,30.375,-3.703125,34.078125
8,nested,25,42.125,3.8125,38.3125
8,nested,26,39.84375,-0.8896484375,40.7333984375
8,nested,27,40.125,-3.0703125,43.1953125
8,nested,28,92.9375,62.875,30.0625
9,direct,0,0.07122802734375,-0.12646484375,0.19769287109375
9,direct,1,0.9384765625,-0.890625,1.8291015625
9,direct,2,-0.6162109375,-1.9033203125,1.287109375
9,direct,3,1.490234375,-4.0390625,5.529296875
9,direct,4,0.0675048828125,-7.16015625,7.2276611328125
9,direct,5,0.93505859375,-8.7734375,9.70849609375
9,direct,6,0.62890625,-7.0859375,7.71484375
9,direct,7,0.490234375,-6.72265625,7.212890625
9,direct,8,0.41552734375,-6.546875,6.96240234375
9,direct,9,-2.099609375,-8.40625,6.306640625
9,direct,10,-1.4482421875,-8.3828125,6.9345703125
9,direct,11,0.0218963623046875,-6.8125,6.8343963623046875
9,direct,12,2.935546875,-3.171875,6.107421875
9,direct,13,2.53125,-3.9453125,6.4765625
9,direct,14,3.484375,-4.09765625,7.58203125
9,direct,15,3.01953125,-4.6875,7.70703125
9,direct,16,3.904296875,-4.14453125,8.048828125
9,direct,17,4.65234375,-3.66015625,8.3125
9,direct,18,3.001953125,-5.796875,8.798828125
9,direct,19,5.09765625,-2.953125,8.05078125
9,direct,20,-2.658203125,-15.4296875,12.771484375
9,direct,21,1.212890625,-12.9765625,14.189453125
9,direct,22,6.1171875,-11.0234375,17.140625
9,direct,23,14.4140625,-5.03515625,19.44921875
9,direct,24,16.875,-7.07421875,23.94921875
9,direct,25,28.9375,-0.06268310546875,29.00018310546875
9,direct,26,26.59375,-5.05859375,31.65234375
9,direct,27,28.40625,-7.54296875,35.94921875
9,direct,28,87.0,55.28125,31.71875
9,json,0,-0.03485107421875,-0.03485107421875,0.0
9,json,1,-0.335205078125,-0.37158203125,0.036376953125
9,json,2,-0.57421875,-0.58837890625,0.01416015625
9,json,3,-1.171875,-1.244140625,0.072265625
9,json,4,-1.408203125,-1.46875,0.060546875
9,json,5,-1.80078125,-1.8359375,0.03515625
9,json,6,-2.2734375,-2.267578125,-0.005859375
9,json,7,-2.52734375,-2.51953125,-0.0078125
9,json,8,-1.5439453125,-1.5263671875,-0.017578125
9,json,9,-1.685546875,-1.73046875,0.044921875
9,json,10,-1.0869140625,-1.2001953125,0.11328125
9,json,11,-1.5205078125,-1.759765625,0.2392578125
9,json,12,-0.59326171875,-0.8330078125,0.23974609375
9,json,13,-1.7626953125,-2.078125,0.3154296875
9,json,14,-1.3671875,-1.8896484375,0.5224609375
9,json,15,-1.5546875,-2.203125,0.6484375
9,json,16,-0.2626953125,-1.2490234375,0.986328125
9,json,17,0.035797119140625,-1.2841796875,1.319976806640625
9,json,18,-1.1552734375,-2.56640625,1.4111328125
9,json,19,0.06719970703125,-1.572265625,1.63946533203125
9,json,20,-3.7265625,-5.26953125,1.54296875
9,json,21,-2.1796875,-5.12890625,2.94921875
9,json,22,-0.8291015625,-4.83203125,4.0029296875
9,json,23,2.396484375,-2.060546875,4.45703125
9,json,24,0.953125,-3.4921875,4.4453125
9,json,25,6.39453125,0.611328125,5.783203125
9,json,26,4.73828125,-1.5322265625,6.2705078125
9,json,27,3.716796875,-3.830078125,7.546875
9,json,28,43.375,31.984375,11.390625
9,xml,0,-0.0015106201171875,-0.0015106201171875,0.0
9,xml,1,-0.0304718017578125,-0.133544921875,0.1030731201171875
9,xml,2,-0.587890625,-0.58544921875,-0.00244140625
9,xml,3,-1.3408203125,-1.35546875,0.0146484375
9,xml,4,-1.9990234375,-2.083984375,0.0849609375
9,xml,5,-2.728515625,-2.7421875,0.013671875
9,xml,6,-3.67578125,-3.67578125,0.0
9,xml,7,-3.29296875,-3.296875,0.00390625
9,xml,8,-2.142578125,-2.236328125,0.09375
9,xml,9,-2.39453125,-2.876953125,0.482421875
9,xml,10,-1.9345703125,-2.607421875,0.6728515625
9,xml,11,-1.25,-3.01953125,1.76953125
9,xml,12,1.4453125,-0.9453125,2.390625
9,xml,13,1.1962890625,-1.583984375,2.7802734375
9,xml,14,1.5048828125,-1.775390625,3.2802734375
9,xml,15,2.38671875,-2.544921875,4.931640625
9,xml,16,4.625,-1.5888671875,6.2138671875
9,xml,17,6.796875,-1.5283203125,8.3251953125
9,xml,18,5.78125,-2.658203125,8.439453125
9,xml,19,7.91015625,-1.1728515625,9.0830078125
9,xml,20,1.8232421875,-6.5234375,8.3466796875
9,xml,21,2.544921875,-5.96875,8.513671875
9,xml,22,3.970703125,-6.15234375,10.123046875
9,xml,23,8.390625,-2.919921875,11.310546875
9,xml,24,8.8203125,-4.3125,13.1328125
9,xml,25,13.6875,-0.79833984375,14.48583984375
9,xml,26,11.734375,-4.234375,15.96875
9,xml,27,8.1328125,-7.17578125,15.30859375
9,xml,28,38.28125,25.765625,12.515625
9,markdown,0,-0.033660888671875,-0.033660888671875,0.0
9,markdown,1,-0.192138671875,-0.188232421875,-0.00390625
9,markdown,2,-0.8271484375,-0.77734375,-0.0498046875
9,markdown,3,-0.163330078125,-0.1614990234375,-0.0018310546875
9,markdown,4,-1.048828125,-0.98974609375,-0.05908203125
9,markdown,5,-0.86376953125,-0.8115234375,-0.05224609375
9,markdown,6,-1.9404296875,-1.9296875,-0.0107421875
9,markdown,7,-1.8642578125,-1.9296875,0.0654296875
9,markdown,8,-1.552734375,-1.5751953125,0.0224609375
9,markdown,9,-1.7138671875,-1.7705078125,0.056640625
9,markdown,10,-2.439453125,-2.396484375,-0.04296875
9,markdown,11,-1.65625,-1.873046875,0.216796875
9,markdown,12,0.50439453125,0.07769775390625,0.42669677734375
9,markdown,13,-0.1357421875,-0.580078125,0.4443359375
9,markdown,14,0.8935546875,0.297607421875,0.595947265625
9,markdown,15,1.259765625,0.5849609375,0.6748046875
9,markdown,16,2.83984375,0.9365234375,1.9033203125
9,markdown,17,4.00390625,1.443359375,2.560546875
9,markdown,18,2.720703125,-0.06793212890625,2.78863525390625
9,markdown,19,4.953125,1.7138671875,3.2392578125
9,markdown,20,0.168701171875,-3.5859375,3.754638671875
9,markdown,21,1.5224609375,-3.572265625,5.0947265625
9,markdown,22,4.51953125,-2.21484375,6.734375
9,markdown,23,10.734375,3.298828125,7.435546875
9,markdown,24,12.046875,3.9453125,8.1015625
9,markdown,25,19.015625,8.9296875,10.0859375
9,markdown,26,13.703125,2.59765625,11.10546875
9,markdown,27,12.1328125,-0.2744140625,12.4072265625
9,markdown,28,67.8125,57.34375,10.46875
9,roleplay,0,0.07122802734375,-0.12646484375,0.19769287109375
9,roleplay,1,1.029296875,-0.76318359375,1.79248046875
9,roleplay,2,-0.385498046875,-1.6005859375,1.215087890625
9,roleplay,3,1.6025390625,-3.625,5.2275390625
9,roleplay,4,0.634765625,-6.6015625,7.236328125
9,roleplay,5,1.7822265625,-8.2421875,10.0244140625
9,roleplay,6,1.4638671875,-6.35546875,7.8193359375
9,roleplay,7,1.4306640625,-5.6171875,7.0478515625
9,roleplay,8,1.6796875,-5.95703125,7.63671875
9,roleplay,9,-0.92236328125,-7.7421875,6.81982421875
9,roleplay,10,-0.66845703125,-7.9140625,7.24560546875
9,roleplay,11,0.9033203125,-6.35546875,7.2587890625
9,roleplay,12,4.35546875,-2.5703125,6.92578125
9,roleplay,13,3.90234375,-3.365234375,7.267578125
9,roleplay,14,5.16015625,-3.490234375,8.650390625
9,roleplay,15,4.703125,-4.01953125,8.72265625
9,roleplay,16,5.6953125,-3.388671875,9.083984375
9,roleplay,17,6.15234375,-2.607421875,8.759765625
9,roleplay,18,4.75390625,-4.29296875,9.046875
9,roleplay,19,6.10546875,-1.9462890625,8.0517578125
9,roleplay,20,-1.669921875,-14.1328125,12.462890625
9,roleplay,21,1.4482421875,-11.5078125,12.9560546875
9,roleplay,22,6.05078125,-9.1015625,15.15234375
9,roleplay,23,14.296875,-3.341796875,17.638671875
9,roleplay,24,16.46875,-5.2109375,21.6796875
9,roleplay,25,27.140625,1.4091796875,25.7314453125
9,roleplay,26,24.0625,-3.779296875,27.841796875
9,roleplay,27,25.1875,-5.44921875,30.63671875
9,roleplay,28,87.6875,61.28125,26.40625
9,nested,0,0.07122802734375,-0.12646484375,0.19769287109375
9,nested,1,0.96435546875,-0.802734375,1.76708984375
9,nested,2,-0.560546875,-1.701171875,1.140625
9,nested,3,1.564453125,-3.833984375,5.3984375
9,nested,4,0.4697265625,-6.765625,7.2353515625
9,nested,5,1.5693359375,-8.296875,9.8662109375
9,nested,6,0.96142578125,-6.6953125,7.65673828125
9,nested,7,0.837890625,-6.453125,7.291015625
9,nested,8,0.91748046875,-6.27734375,7.19482421875
9,nested,9,-1.55859375,-7.98828125,6.4296875
9,nested,10,-1.267578125,-8.03125,6.763671875
9,nested,11,0.44140625,-6.421875,6.86328125
9,nested,12,3.349609375,-2.75390625,6.103515625
9,nested,13,3.005859375,-3.421875,6.427734375
9,nested,14,4.1171875,-3.50390625,7.62109375
9,nested,15,3.669921875,-4.14453125,7.814453125
9,nested,16,4.52734375,-3.478515625,8.005859375
9,nested,17,5.36328125,-2.677734375,8.041015625
9,nested,18,3.87109375,-4.609375,8.48046875
9,nested,19,5.8984375,-1.8994140625,7.7978515625
9,nested,20,-2.400390625,-14.3125,11.912109375
9,nested,21,0.65087890625,-12.1796875,12.83056640625
9,nested,22,5.1328125,-10.1640625,15.296875
9,nested,23,12.9375,-4.45703125,17.39453125
9,nested,24,15.078125,-6.5546875,21.6328125
9,nested,25,27.0625,0.9365234375,26.1259765625
9,nested,26,23.828125,-4.46484375,28.29296875
9,nested,27,24.84375,-6.9140625,31.7578125
9,nested,28,88.375,61.21875,27.15625
